card_id,name,set_name,market_price,predicted_relative_return,pred_lo90,pred_hi90,percentile,direction_flag,direction_flag_percentile,signal_strength,top3_drivers,cardmarket_eur_avg30,cardmarket_eur_trend,cardmarket_eur_usd_div_z
swsh7-177,Jolteon V,Evolving Skies,17.86,0.07680877972729244,-0.06618579562464308,0.2547856140216697,100.0,none,candidate_up,undetermined,set_age +0.08; premium_asof +0.08; vol_6m +0.03,17.55,16.74,-0.046821658421022115
sv4pt5-232,Mew ex,Paldean Fates,869.4,0.07504932072432799,-0.10798182296821998,0.311514481487176,99.7907949790795,none,candidate_up,undetermined,log_price -0.26; mispricing +0.14; premium_asof +0.10,864.77,700.62,-0.5134377756965143
swsh12pt5-160,Pikachu,Crown Zenith,44.82,0.07250422663348156,-0.10926781594391781,0.2763418077397078,99.581589958159,none,candidate_up,undetermined,premium_asof +0.08; log_price -0.08; mispricing +0.08,56.74,54.3,0.9267965763082091
sv1-227,Miraidon ex,Scarlet & Violet,2.29,0.07001427274860848,-0.159558212829494,0.31801664584145967,99.3723849372385,none,candidate_up,undetermined,log_price +0.10; mispricing -0.07; mid_skew +0.06,2.2,2.21,0.05179419022951276
swsh10-174,Hisuian Sneasler V,Astral Radiance,4.51,0.0690033084000716,-0.07399126695186392,0.24698014269444887,99.16317991631799,none,candidate_up,undetermined,log_price +0.06; mispricing -0.06; set_age +0.06,5.05,4.46,0.13646577913095972
sv4-260,Garchomp ex,Paradox Rift,14.71,0.06778604319469674,-0.07293978294966975,0.2489155436218322,98.9539748953975,none,candidate_up,undetermined,premium_asof +0.07; mid_skew +0.04; vol_6m -0.03,10.38,10.22,-0.9078968193344044
swsh11-183,Galarian Perrserker V,Lost Origin,1.65,0.06704381235067998,-0.07595076300125554,0.24502064664505724,98.74476987447699,none,candidate_up,undetermined,log_price +0.12; mispricing -0.08; set_age +0.04,1.87,1.75,0.3910076662967229
sv3pt5-187,Wigglytuff ex,151,6.71,0.06691570396657479,-0.1626567816115277,0.314918077059426,98.5355648535565,none,candidate_up,undetermined,premium_asof +0.04; log_price +0.04; artwork -0.03,11.5,11.32,2.615119565630363
sv6-202,Bloodmoon Ursaluna ex,Twilight Masquerade,1.58,0.06659942500331555,-0.16297306057478694,0.31460179809616673,98.32635983263597,none,candidate_up,undetermined,log_price +0.13; mid_skew +0.10; premium_asof -0.06,1.89,1.8,0.6701965690278004
sv3pt5-202,Zapdos ex,151,82.44,0.06653358767713796,-0.11649755601541001,0.302998748439986,98.11715481171548,none,candidate_up,undetermined,log_price -0.12; mispricing +0.07; rarity_SIR +0.05,123.68,113.94,1.5324469185201122
swsh7-172,Vaporeon V,Evolving Skies,23.97,0.06592857952514469,-0.07706599582679083,0.24390541381952197,97.90794979079497,none,candidate_up,undetermined,premium_asof +0.08; set_age +0.08; log_price -0.04,26.27,37.39,2.1636147332316114
swsh12-196,Serperior VSTAR,Silver Tempest,6.1,0.0659127922105837,-0.07810975799532675,0.19127376611583063,97.69874476987448,none,candidate_up,undetermined,premium_asof -0.05; mid_skew +0.04; log_price +0.04,7.21,7.46,0.9674071656640776
sv3-213,Glimmora ex,Obsidian Flames,0.88,0.06572328745726556,-0.16384919812083693,0.31372566055011675,97.48953974895397,none,candidate_up,undetermined,log_price +0.16; premium_asof -0.09; mid_skew +0.05,0.95,0.93,0.3775589325676043
sv1-233,Iron Treads ex,Scarlet & Violet,0.94,0.06564400305692336,-0.16392848252117911,0.31364637614977453,97.28033472803347,none,candidate_up,undetermined,log_price +0.16; premium_asof -0.12; mid_skew +0.04,1.41,1.62,2.7442499256217086
swsh9-154,Charizard V,Brilliant Stars,286.87,0.0651993500057774,-0.07779522534615813,0.24317618430015467,97.07112970711297,none,candidate_up,undetermined,log_price -0.19; premium_asof +0.11; mispricing +0.08,287.1,379.21,1.3186801006203166
sv6-215,Cornerstone Mask Ogerpon ex,Twilight Masquerade,11.68,0.065015697270567,-0.11801544642198097,0.301480858033415,96.86192468619247,none,candidate_up,undetermined,mispricing -0.05; rarity_SIR +0.05; artwork +0.03,13.2,14.43,1.011768053971604
sv1-248,Iron Treads ex,Scarlet & Violet,4.7,0.06482408288934076,-0.11820706080320721,0.3012892436521888,96.65271966527197,none,candidate_up,undetermined,premium_asof -0.12; log_price +0.06; mid_skew +0.05,4.94,5.11,0.4855494029797209
sv3-217,Pidgeot ex,Obsidian Flames,1.8,0.06447407727146529,-0.1650984083066372,0.3124764503643165,96.44351464435147,none,candidate_up,undetermined,log_price +0.12; mid_skew +0.05; mispricing -0.03,1.93,1.85,0.27445197397769255
swsh11-179,Aerodactyl V,Lost Origin,2.85,0.06445597062916833,-0.07853860472276719,0.2424328049235456,96.23430962343096,none,candidate_up,undetermined,log_price +0.09; mispricing -0.06; set_age +0.04,3.56,3.5,0.9855832627419824
sv1-226,Magnezone ex,Scarlet & Violet,1.27,0.06436592438683722,-0.16520656119126526,0.3123682974796884,96.02510460251045,none,candidate_up,undetermined,log_price +0.14; premium_asof -0.07; mid_skew +0.04,1.66,1.65,1.2381719956900428
swsh12-178,Mawile V,Silver Tempest,2.25,0.06405425805349425,-0.07894031729844127,0.2420310923478715,95.81589958158996,none,candidate_up,undetermined,log_price +0.10; mispricing -0.08; set_age +0.04,2.69,2.81,1.0594993908587962
sv3pt5-190,Kangaskhan ex,151,5.71,0.06384245912077616,-0.16573002645732632,0.31184483221362735,95.60669456066945,none,candidate_up,undetermined,log_price +0.05; mid_skew +0.03; rarity_UR -0.02,9.44,8.47,1.8919899834408438
swsh7-171,Gyarados V,Evolving Skies,18.52,0.0632622506581186,-0.07973232469381693,0.24123908495249585,95.39748953974896,none,candidate_up,undetermined,set_age +0.08; premium_asof +0.08; mispricing -0.05,13.61,13.89,-0.7117884994910314
sv1-230,Great Tusk ex,Scarlet & Violet,1.06,0.06320190686304453,-0.16637057871505795,0.3112042799558957,95.18828451882845,none,candidate_up,undetermined,log_price +0.15; premium_asof -0.08; mispricing -0.05,1.3,1.22,0.7117472782515599
swsh7-217,Rayquaza VMAX,Evolving Skies,105.97,0.06310485789058533,-0.08091769231532513,0.18846583179583226,94.97907949790795,none,candidate_up,undetermined,log_price -0.13; premium_asof +0.11; set_age +0.08,91.34,54.8,-1.5385943636269939
sv3pt5-191,Jynx ex,151,5.5,0.06271060595769513,-0.16686187962040733,0.31071297905054635,94.76987447698745,none,candidate_up,undetermined,log_price +0.05; mom_3m +0.03; mid_skew +0.03,9.45,8.3,1.983337739824408
sv3pt5-198,Venusaur ex,151,98.4,0.0626572111000231,-0.12037393259252487,0.2991223718628711,94.56066945606695,none,candidate_up,undetermined,log_price -0.13; mispricing +0.08; premium_asof +0.06,119.57,124.09,1.1027736984629477
sv4-222,Tapu Koko ex,Paradox Rift,1.74,0.06262067312406791,-0.16695181245403456,0.3106230462169191,94.35146443514645,none,candidate_up,undetermined,log_price +0.12; premium_asof -0.10; mispricing -0.05,1.85,1.83,0.35947270444913376
sv3pt5-189,Golem ex,151,6.09,0.062302454099404006,-0.16727003147869846,0.3103048271922552,94.14225941422593,none,candidate_up,undetermined,premium_asof -0.06; log_price +0.04; mispricing +0.03,10.02,9.55,2.193005486158968
sv5-188,Gouging Fire ex,Temporal Forces,2.49,0.06228427684760087,-0.1672882087305016,0.3102866499404521,93.93305439330544,none,candidate_up,undetermined,log_price +0.10; mispricing -0.07; vol_6m -0.03,2.54,2.33,-0.052314447954716355
swsh7-220,Duraludon VMAX,Evolving Skies,14.97,0.062247549260785864,-0.08177500094512459,0.18760852316603277,93.72384937238493,none,candidate_up,undetermined,set_age +0.08; premium_asof -0.05; mispricing -0.04,25.22,23.64,2.23210966730589
swsh9-174,Charizard VSTAR,Brilliant Stars,69.36,0.06201735366233342,-0.08200519654357703,0.18737832756758033,93.51464435146444,none,candidate_up,undetermined,premium_asof +0.11; log_price -0.11; set_age +0.07,49.01,51.46,-0.7404543125607104
swsh7-174,Glaceon V,Evolving Skies,25.08,0.06182974453316273,-0.08116483081877279,0.23980657882754,93.30543933054393,none,candidate_up,undetermined,premium_asof +0.08; set_age +0.08; log_price -0.04,29.92,14.2,-1.364405999398804
sv3pt5-188,Alakazam ex,151,9.51,0.06156983491212414,-0.16800265066597833,0.3095722080049753,93.09623430962343,none,candidate_up,undetermined,premium_asof +0.04; rarity_UR -0.02; vol_6m +0.02,14.58,14.89,2.184398430326113
swsh11-186,Giratina V,Lost Origin,850.15,0.06142196158807805,-0.08157261376385747,0.23939879588245533,92.88702928870293,none,candidate_up,undetermined,log_price -0.26; mispricing +0.16; premium_asof +0.09,1046.07,1144.86,1.4066198430802492
sv3-214,Absol ex,Obsidian Flames,2.52,0.061258099653702526,-0.16831438592439996,0.3092604727465537,92.67782426778243,none,candidate_up,undetermined,log_price +0.10; mispricing -0.05; premium_asof +0.04,2.05,2.1,-0.4159163574504142
sv3pt5-193,Mew ex,151,29.79,0.061250890311924475,-0.16832159526617801,0.30925326340477566,92.46861924686193,none,candidate_up,undetermined,premium_asof +0.10; log_price -0.05; mispricing +0.03,31.33,30.77,0.29262740264282583
swsh9-153,Charizard V,Brilliant Stars,33.8,0.061236426319167696,-0.08175814903276782,0.23921326061354498,92.25941422594143,none,candidate_up,undetermined,premium_asof +0.11; set_age +0.07; log_price -0.06,32.42,24.92,-0.7569571460274093
swsh12-202,Lugia VSTAR,Silver Tempest,38.71,0.06101132345976181,-0.08301122674614864,0.18637229736500874,92.05020920502092,none,candidate_up,undetermined,premium_asof +0.11; mispricing -0.09; log_price -0.07,36.34,22.75,-1.2880168846225766
sv1-232,Toxicroak ex,Scarlet & Violet,1.41,0.060915335610656964,-0.16865714996744552,0.30891770870350815,91.84100418410041,none,candidate_up,undetermined,log_price +0.13; premium_asof -0.07; mid_skew +0.06,1.71,1.39,0.12546671096433168
sv4-229,Roaring Moon ex,Paradox Rift,3.4,0.06026355029463314,-0.16930893528346933,0.3082659233874843,91.63179916317992,none,candidate_up,undetermined,log_price +0.08; mispricing -0.04; rarity_UR -0.02,2.72,2.49,-0.7744437766290442
sv4pt5-242,Chien-Pao ex,Paldean Fates,9.31,0.059992237073430855,-0.08073358907093564,0.24112173750056634,91.42259414225941,none,candidate_up,undetermined,mispricing +0.08; artwork -0.03; premium_asof -0.03,7.97,8.12,-0.2779909980029092
sv5-190,Wugtrio ex,Temporal Forces,1.59,0.058690102390197556,-0.1708823831879049,0.30669247548304873,91.21338912133892,none,candidate_up,undetermined,log_price +0.13; premium_asof -0.09; mid_skew +0.03,1.43,1.5,-0.025141830226958206
sv1-223,Spidops ex,Scarlet & Violet,1.03,0.058652460045630704,-0.17092002553247176,0.3066548331384819,91.0041841004184,none,candidate_up,undetermined,log_price +0.15; premium_asof -0.09; vol_6m -0.05,1.23,1.23,0.8652387430361407
sv1-254,Koraidon ex,Scarlet & Violet,5.59,0.05853274593251859,-0.0821930802118479,0.23966224635965408,90.7949790794979,none,candidate_up,undetermined,log_price +0.05; premium_asof -0.04; mispricing +0.03,5.81,6.2,0.5632669391061901
sv1-234,Oinkologne ex,Scarlet & Violet,1.25,0.05852147924346332,-0.17105100633463916,0.3065238523363145,90.5857740585774,none,candidate_up,undetermined,log_price +0.14; artwork -0.05; premium_asof -0.03,1.33,1.35,0.4598651829898124
swsh7-206,Trevenant VMAX,Evolving Skies,6.62,0.05849218057522718,-0.08553036963068328,0.1838531544804741,90.3765690376569,none,candidate_up,undetermined,set_age +0.08; premium_asof -0.08; log_price +0.04,6.09,4.64,-0.8860938399681323
sv6-194,Wellspring Mask Ogerpon ex,Twilight Masquerade,3.28,0.05848083183435012,-0.17109165374375235,0.3064832049272013,90.1673640167364,none,candidate_up,undetermined,log_price +0.08; mispricing -0.05; premium_asof -0.03,3.4,3.88,0.8253033603785155
sv3-216,Revavroom ex,Obsidian Flames,0.88,0.058389905353830415,-0.17118258022427207,0.3063922784466816,89.9581589958159,none,none,undetermined,log_price +0.16; premium_asof -0.10; vol_6m -0.04,0.89,0.69,-0.5907498959289609
swsh7-219,Duraludon VMAX,Evolving Skies,6.47,0.058249736735613226,-0.08577281347029722,0.18361071064086015,89.7489539748954,none,none,undetermined,set_age +0.08; premium_asof -0.05; log_price +0.04,7.27,6.71,0.3075299002130422
swsh9-161,Honchkrow V,Brilliant Stars,1.37,0.05747140727457902,-0.08552316807735649,0.2354482415689563,89.5397489539749,none,none,undetermined,log_price +0.14; premium_asof -0.08; set_age +0.07,1.67,1.85,1.419786713604509
sv6-190,Teal Mask Ogerpon ex,Twilight Masquerade,4.73,0.05699206076815653,-0.17258042480994595,0.3049944338610077,89.3305439330544,none,none,undetermined,log_price +0.06; mispricing -0.03; premium_asof -0.03,4.25,4.27,-0.16946049283307235
sv1-243,Spidops ex,Scarlet & Violet,8.58,0.056623617371339856,-0.1264075263212081,0.2930887781341879,89.1213389121339,none,none,undetermined,premium_asof -0.09; mispricing +0.08; rarity_SIR +0.05,7.48,6.44,-0.7097194635327053
swsh9-166,Arceus V,Brilliant Stars,61.26,0.056313403910311116,-0.0866811714416244,0.2342902382046884,88.91213389121339,none,none,undetermined,log_price -0.10; set_age +0.07; premium_asof +0.05,61.06,69.48,0.6522371347745758
sv5-205,Walking Wake ex,Temporal Forces,39.25,0.05625688980561618,-0.12677425388693178,0.2927220505684642,88.70292887029288,none,none,undetermined,log_price -0.07; vol_6m -0.07; mid_skew +0.05,44.34,43.25,0.5376588264511921
sv4-245,Garchomp ex,Paradox Rift,34.27,0.05577475261409328,-0.12725639107845468,0.2922399133769413,88.49372384937239,none,none,undetermined,premium_asof +0.07; log_price -0.06; rarity_SIR +0.05,31.12,30.6,-0.204394108253008
swsh12-199,Unown VSTAR,Silver Tempest,10.18,0.05562723132401498,-0.08839531888189547,0.1809882052292619,88.28451882845188,none,none,undetermined,mispricing -0.09; set_age +0.04; vol_6m +0.03,10.94,9.7,0.008418934670706063
sv3-222,Eiscue ex,Obsidian Flames,5.49,0.05511317700007832,-0.12791796669246966,0.29157833776292635,88.07531380753139,none,none,undetermined,vol_6m -0.12; mom_3m +0.07; mispricing +0.07,4.5,4.4,-0.5290914937501037
swsh7-179,Espeon V,Evolving Skies,25.45,0.05509579344686968,-0.08789878190506584,0.23307262774124696,87.86610878661088,none,none,undetermined,premium_asof +0.10; set_age +0.08; log_price -0.04,20.55,20.45,-0.5217095398696528
sv4-223,Iron Hands ex,Paradox Rift,2.03,0.054913057089400974,-0.1746594284887015,0.3029154301822522,87.65690376569037,none,none,undetermined,log_price +0.11; premium_asof -0.04; mispricing -0.04,1.74,1.42,-0.8910607825993855
sv1-246,Great Tusk ex,Scarlet & Violet,11.56,0.05341137948088499,-0.129619764211663,0.289876540243733,87.44769874476988,none,none,undetermined,premium_asof -0.08; mispricing +0.08; rarity_SIR +0.05,12.38,11.81,0.252611354496032
sv1-225,Gyarados ex,Scarlet & Violet,9.71,0.052609561302351567,-0.17696292427575092,0.3006119343952028,87.23849372384937,none,none,undetermined,premium_asof +0.08; vol_6m -0.07; set_age +0.03,6.79,6.28,-1.078353058579458
sv3-224,Revavroom ex,Obsidian Flames,5.11,0.052560168163890954,-0.13047097552865702,0.289025328926739,87.02928870292888,none,none,undetermined,premium_asof -0.10; mispricing +0.06; log_price +0.05,4.66,4.97,0.07855489363116445
swsh12-181,Skuntank V,Silver Tempest,11.1,0.052210836189354265,-0.09078373916258126,0.23018767048373154,86.82008368200836,none,none,undetermined,premium_asof -0.07; set_age +0.04; mispricing +0.04,10.87,12.42,0.5980454698671602
swsh11-213,Hisuian Zoroark VSTAR,Lost Origin,6.16,0.05162894226978796,-0.13014310030761142,0.2554665233760142,86.61087866108787,none,none,undetermined,mispricing -0.05; set_age +0.04; log_price +0.04,6.53,6.88,0.5908174245579187
sv3pt5-184,Blastoise ex,151,18.89,0.051229961223646155,-0.17834252435445633,0.2992323343164974,86.40167364016736,none,none,undetermined,premium_asof +0.09; mom_3m +0.03; log_price -0.03,22.95,22.07,0.7735241119283285
swsh12-170,Serperior V,Silver Tempest,2.36,0.05079349839039646,-0.09220107696153906,0.22877033268477373,86.19246861924687,none,none,undetermined,log_price +0.10; mispricing -0.05; premium_asof -0.05,2.82,3.19,1.4245086616835931
swsh12-184,Regidrago V,Silver Tempest,26.51,0.050225823577603884,-0.09276875177433164,0.22820265787198116,85.98326359832636,none,none,undetermined,mispricing +0.07; premium_asof -0.06; log_price -0.05,28.07,20.03,-0.6920339279553133
sv4-217,Froslass ex,Paradox Rift,2.25,0.049948784129288236,-0.17962370144881423,0.29795115722213944,85.77405857740585,none,none,undetermined,log_price +0.10; artwork -0.03; mispricing -0.03,2.11,1.68,-0.7236233851726563
swsh9-173,Shaymin VSTAR,Brilliant Stars,6.16,0.04901058489453602,-0.09501196531137443,0.17437155879978294,85.56485355648536,none,none,undetermined,set_age +0.07; log_price +0.04; premium_asof -0.03,5.31,5.37,-0.27950777248363645
sv6-212,Hearthflame Mask Ogerpon ex,Twilight Masquerade,11.21,0.048945477278213904,-0.13408566641433406,0.2854106380410619,85.35564853556485,none,none,undetermined,mispricing -0.06; rarity_SIR +0.05; artwork +0.04,9.91,10.08,-0.18206915152000702
swsh12-172,Reshiram V,Silver Tempest,7.22,0.04892269224993263,-0.0940718831020029,0.2268995265443099,85.14644351464436,none,none,undetermined,mispricing -0.07; set_age +0.04; log_price +0.03,7.93,6.67,-0.0946369123536776
swsh9-184,Arceus VSTAR,Brilliant Stars,16.36,0.04890768891309899,-0.13286435366430038,0.25274527001932523,84.93723849372385,none,none,undetermined,set_age +0.07; premium_asof +0.05; vol_6m +0.02,13.93,14.39,-0.25170370159902017
sv3pt5-182,Venusaur ex,151,13.36,0.04875427780380223,-0.18081820777430024,0.29675665089665343,84.72803347280335,none,none,undetermined,premium_asof +0.06; mom_3m +0.03; rarity_UR -0.02,18.41,17.08,1.1644306527306059
sv3-211,Tyranitar ex,Obsidian Flames,5.06,0.048738326252408606,-0.18083415932569386,0.2967406993452598,84.51882845188284,none,none,undetermined,premium_asof +0.06; log_price +0.06; mispricing -0.03,2.9,2.84,-1.3818862757332195
sv4-253,Altaria ex,Paradox Rift,49.01,0.04849307446712659,-0.1345380692254214,0.2849582352299746,84.30962343096235,none,none,undetermined,log_price -0.08; rarity_SIR +0.05; mispricing +0.03,57.32,55.26,0.6286010474846514
sv6-192,Hearthflame Mask Ogerpon ex,Twilight Masquerade,2.17,0.04846072873284532,-0.18111175684525715,0.2964631018256965,84.10041841004184,none,none,undetermined,log_price +0.11; mispricing -0.07; premium_asof -0.03,2.1,2.05,-0.02051119066802322
sv5-208,Raging Bolt ex,Temporal Forces,62.75,0.04732336607615672,-0.13570777761639125,0.28378852683900474,83.89121338912135,none,none,undetermined,log_price -0.10; premium_asof +0.06; rarity_SIR +0.05,61.82,68.47,0.4994719717251295
sv4pt5-244,Ting-Lu ex,Paldean Fates,5.92,0.04731363096288237,-0.09341219518148411,0.22844313139001787,83.68200836820083,none,none,undetermined,premium_asof -0.09; mispricing +0.08; log_price +0.05,5.87,6.39,0.45770611600735356
sv6-196,Iron Thorns ex,Twilight Masquerade,2.48,0.04728441577304438,-0.1822880698050581,0.2952867888658956,83.47280334728033,none,none,undetermined,log_price +0.10; mispricing -0.04; rarity_UR -0.02,2.07,2.18,-0.25366389246039817
sv5-203,Iron Leaves ex,Temporal Forces,29.82,0.047272586031474016,-0.13575855766107395,0.283737746794322,83.26359832635984,none,none,undetermined,vol_6m -0.08; log_price -0.05; rarity_SIR +0.05,27.87,27.7,-0.07658613418451571
sv6-197,Scream Tail ex,Twilight Masquerade,2.41,0.046029217718524196,-0.18354326785957828,0.2940315908113754,83.05439330543933,none,none,undetermined,log_price +0.10; premium_asof -0.04; artwork -0.03,1.8,1.89,-0.5902476610594091
sv3pt5-192,Zapdos ex,151,10.55,0.04580141630669381,-0.18377106927140868,0.293803789399545,82.84518828451883,none,none,undetermined,premium_asof +0.04; rarity_UR -0.02; appeal_missing -0.02,14.59,13.07,1.0239012513045884
swsh11-181,Gallade V,Lost Origin,2.61,0.04475114675079488,-0.09824342860114063,0.22272798104517216,82.63598326359832,none,none,undetermined,log_price +0.10; mispricing -0.05; set_age +0.04,2.5,2.27,-0.2866848471338229
sv6-213,Wellspring Mask Ogerpon ex,Twilight Masquerade,15.14,0.0433188609013466,-0.13971228279120138,0.27978402166419464,82.42677824267783,none,none,undetermined,rarity_SIR +0.05; premium_asof -0.03; set_age -0.02,15.52,14.32,-0.01646942328197232
sv4pt5-240,Wo-Chien ex,Paldean Fates,6.87,0.043181642379631145,-0.09754418376473534,0.22431114280676664,82.21757322175732,none,none,undetermined,premium_asof -0.07; mispricing +0.07; log_price +0.04,6.14,6.14,-0.20144135492315504
sv4-220,Tsareena ex,Paradox Rift,2.56,0.04305784509477718,-0.1865146404833253,0.2910602181876284,82.00836820083683,none,none,undetermined,log_price +0.10; premium_asof -0.09; rarity_UR -0.02,2.05,1.93,-0.6979194928328775
swsh7-227,Inteleon,Evolving Skies,9.81,0.042478329424767515,-0.13929371315263187,0.24631591053099375,81.79916317991632,none,none,undetermined,set_age +0.08; artwork -0.02; mispricing -0.02,10.88,11.82,0.9032933767857315
sv3pt5-185,Arbok ex,151,7.01,0.04244630096507078,-0.1871261846130317,0.29044867405792196,81.58995815899581,none,none,undetermined,log_price +0.04; mom_3m +0.02; rarity_UR -0.02,10.12,9.36,1.3660696392621179
sv4-251,Roaring Moon ex,Paradox Rift,35.84,0.04234794213811426,-0.1406832015544337,0.2788131029009623,81.3807531380753,none,none,undetermined,log_price -0.07; rarity_SIR +0.05; mispricing +0.04,44.21,30.03,-0.3997358496825681
swsh11-175,Magnezone V,Lost Origin,1.75,0.04230868441694965,-0.10068589093498587,0.22028551871132693,81.17154811715481,none,none,undetermined,log_price +0.12; premium_asof -0.07; set_age +0.04,1.82,1.77,0.21640467753924694
sv1-231,Koraidon ex,Scarlet & Violet,2.0,0.042112813996836945,-0.18745967158126553,0.29011518708968814,80.9623430962343,none,none,undetermined,log_price +0.11; mispricing -0.06; premium_asof -0.04,2.04,1.87,-0.054952344160861345
sv4-218,Armarouge ex,Paradox Rift,2.19,0.041767579779339294,-0.1878049057987632,0.2897699528721905,80.75313807531381,none,none,undetermined,log_price +0.11; mispricing -0.04; rarity_UR -0.02,2.28,2.28,0.32173747613030196
sv3-210,Eiscue ex,Obsidian Flames,1.75,0.0413815449593792,-0.18819094061872327,0.2893839180522304,80.5439330543933,none,none,undetermined,log_price +0.12; vol_6m -0.07; artwork -0.03,1.47,1.35,-0.6357070915377298
swsh7-193,Rayquaza V,Evolving Skies,69.42,0.04070545464212587,-0.10228912070980965,0.21868228893650316,80.3347280334728,none,none,undetermined,premium_asof +0.11; log_price -0.11; set_age +0.08,47.4,31.82,-1.7472131348604856
sv9-176,Hop's Zacian ex,Journey Together,1.51,0.03970498596243861,-0.18986749961566385,0.2877073590552898,80.1255230125523,none,none,undetermined,log_price +0.13; mid_skew +0.08; mispricing -0.06,2.08,2.11,1.586609001261576
sv5-192,Iron Boulder ex,Temporal Forces,1.46,0.03958396805713537,-0.1899885175209671,0.28758634114998655,79.9163179916318,none,none,undetermined,log_price +0.13; premium_asof -0.08; mom_3m -0.03,1.68,1.41,0.05423663538125102
me2-111,Rotom ex,Phantasmal Flames,0.96,0.03951557348836213,-0.19005691208974035,0.2875179465812133,79.70711297071131,none,none,undetermined,log_price +0.16; mid_skew +0.12; set_age -0.07,1.4,1.23,1.1743964060179022
sv3-212,Vespiquen ex,Obsidian Flames,1.34,0.039339959013334855,-0.19023252656476763,0.28734233210618604,79.49790794979079,none,none,undetermined,log_price +0.14; premium_asof -0.06; vol_6m -0.03,1.41,1.21,-0.16862023872989879
sv10-208,Team Rocket's Moltres ex,Destined Rivals,4.12,0.039236211944426926,-0.19033627363367556,0.2872385850372781,79.2887029288703,none,none,undetermined,log_price +0.07; mispricing -0.07; set_age -0.06,5.73,6.14,1.9165902380542552
sv10-235,Arven's Mabosstiff ex,Destined Rivals,21.89,0.03882799704356028,-0.1442031466489877,0.2752931578064083,79.07949790794979,none,none,undetermined,premium_asof -0.08; mid_skew +0.06; set_age -0.06,25.68,28.57,1.2592957615314986
sv10-215,Cynthia's Garchomp ex,Destined Rivals,3.99,0.03856793909979631,-0.19100454647830617,0.2865703121926475,78.8702928870293,none,none,undetermined,mispricing -0.07; log_price +0.07; premium_asof +0.07,3.85,3.97,0.15803110605694806
sv10-212,Electivire ex,Destined Rivals,1.12,0.03753477105874187,-0.1920377145193606,0.28553714415159304,78.66108786610879,none,none,undetermined,log_price +0.15; mispricing -0.07; set_age -0.06,1.53,1.37,0.9683425928110435
sv1-229,Banette ex,Scarlet & Violet,1.92,0.037338322552020485,-0.19223416302608198,0.2853406956448717,78.45188284518828,none,none,undetermined,log_price +0.11; vol_6m -0.03; mispricing -0.03,2.06,2.23,0.7490802018345151
swsh7-226,Froslass,Evolving Skies,9.98,0.03672806527064321,-0.14504397730675617,0.24056564637686945,78.24267782426779,none,none,undetermined,set_age +0.08; vol_6m -0.05; artwork -0.03,9.84,11.21,0.6134103731758609
sv10-213,Team Rocket's Mewtwo ex,Destined Rivals,17.8,0.0361829626972044,-0.19338952288089808,0.2841853357900556,78.03347280334728,none,none,undetermined,premium_asof +0.08; set_age -0.06; mispricing -0.05,16.76,17.0,0.0162564342943072
me2-108,Mega Heracross ex,Phantasmal Flames,1.55,0.035953304428151305,-0.19361918114995116,0.2839556775210025,77.82426778242679,none,none,undetermined,log_price +0.13; set_age -0.07; mispricing -0.07,2.17,1.97,1.1378896013951487
sv6pt5-81,Revavroom ex,Shrouded Fable,1.51,0.03568013017570871,-0.19389235540239377,0.2836825032685599,77.61506276150628,none,none,undetermined,log_price +0.13; premium_asof -0.10; mid_skew +0.06,1.53,1.76,0.7636533743936349
swsh7-182,Golurk V,Evolving Skies,36.53,0.03517613488622326,-0.10781844046571226,0.21315296918060053,77.40585774058577,none,none,undetermined,set_age +0.08; mispricing +0.08; log_price -0.07,25.45,24.02,-1.0400583576050806
me2-109,Mega Charizard X ex,Phantasmal Flames,18.94,0.03513464586299127,-0.1944378397151112,0.2831370189558425,77.19665271966527,none,none,undetermined,premium_asof +0.11; mid_skew +0.10; set_age -0.07,23.53,27.29,1.741107157489839
sv10-217,Team Rocket's Crobat ex,Destined Rivals,2.22,0.03485240648984007,-0.19472007908826242,0.2828547795826913,76.98744769874477,none,none,undetermined,log_price +0.11; mid_skew +0.06; set_age -0.06,2.35,2.12,0.01589703904129709
sv8-228,Cyclizar ex,Surging Sparks,1.31,0.03471203268158386,-0.1948604528965186,0.2827144057744351,76.77824267782427,none,none,undetermined,log_price +0.14; premium_asof -0.11; mid_skew +0.07,1.83,1.7,1.2328368004858483
me2-114,Empoleon ex,Phantasmal Flames,1.42,0.03436379595861962,-0.19520868961948284,0.28236616905147083,76.56903765690377,none,none,undetermined,log_price +0.13; set_age -0.07; mid_skew +0.07,2.12,2.19,2.101080456528919
swsh12-185,Lugia V,Silver Tempest,16.86,0.03393110816568376,-0.10906346718625176,0.21190794246006103,76.35983263598327,none,none,undetermined,premium_asof +0.11; mispricing -0.06; set_age +0.04,14.86,13.87,-0.4538216852563298
sv8pt5-180,Terapagos ex,Prismatic Evolutions,8.14,0.0328173892468836,-0.10790843689748289,0.2139468896740191,76.15062761506276,none,none,undetermined,mid_skew +0.05; set_age -0.04; premium_asof -0.03,11.75,8.97,0.5378532994471028
sv10-239,Ethan's Ho-Oh ex,Destined Rivals,20.01,0.032136820305438525,-0.10858900583892797,0.213266320732574,75.94142259414227,none,none,undetermined,set_age -0.06; mid_skew +0.05; mom_3m +0.04,24.87,24.78,1.022190815706528
swsh12-186,Lugia V,Silver Tempest,517.78,0.03201387861402069,-0.11098069673791483,0.20999071290839796,75.73221757322176,none,none,undetermined,log_price -0.23; mispricing +0.11; premium_asof +0.11,485.13,415.81,-0.5233898644900822
swsh12-187,Ho-Oh V,Silver Tempest,8.6,0.031760993162605944,-0.11123358218932958,0.20973782745698322,75.52301255230127,none,none,undetermined,mispricing -0.06; set_age +0.04; mom_3m -0.03,8.4,8.58,0.16757102964363998
sv7-161,Medicham ex,Stellar Crown,0.99,0.03131905411242743,-0.19825343146567503,0.27932142720527864,75.31380753138075,none,none,undetermined,log_price +0.16; premium_asof -0.08; mid_skew +0.05,1.16,1.27,1.180000045071702
sv9-177,Salamence ex,Journey Together,1.62,0.030961098844139934,-0.19861138673396253,0.2789634719369911,75.10460251046025,none,none,undetermined,log_price +0.12; set_age -0.05; mispricing -0.04,1.93,1.8,0.5703241160183093
sv4pt5-234,Charizard ex,Paldean Fates,263.2,0.030728089470158308,-0.15230305422238966,0.26719325023300633,74.89539748953975,none,none,undetermined,log_price -0.19; premium_asof +0.11; rarity_SIR +0.05,244.35,243.47,-0.09032210509234324
sv3pt5-199,Charizard ex,151,351.69,0.030480958470628417,-0.15255018522191954,0.26694611923347644,74.68619246861925,none,none,undetermined,log_price -0.21; premium_asof +0.11; mispricing +0.08,381.19,442.33,1.090878714127588
sv7-156,Hydrapple ex,Stellar Crown,2.6,0.03043887299455038,-0.1991336125835521,0.27844124608740156,74.47698744769873,none,none,undetermined,log_price +0.10; mid_skew +0.06; vol_6m -0.06,2.02,2.34,-0.17921864381792102
sv3pt5-200,Blastoise ex,151,129.03,0.03037398281533372,-0.15265716087721426,0.2668391435781817,74.26778242677824,none,none,undetermined,log_price -0.14; premium_asof +0.09; mispricing +0.05,152.58,133.64,0.3026794099888522
swsh7-183,Sylveon V,Evolving Skies,35.59,0.029908816631523377,-0.11308575872041214,0.20788565092590064,74.05857740585773,none,none,undetermined,premium_asof +0.11; set_age +0.08; log_price -0.06,23.06,21.64,-1.2158269364655356
swsh7-208,Glaceon VMAX,Evolving Skies,36.19,0.029825429348732547,-0.11419712085717791,0.15518640325397948,73.84937238493724,none,none,undetermined,premium_asof +0.08; set_age +0.08; mispricing -0.07,30.87,26.03,-0.8209317185085012
swsh10-172,Machamp V,Astral Radiance,194.44,0.029574710700736258,-0.11341986465119927,0.20755154499511352,73.64016736401673,none,none,undetermined,log_price -0.17; mispricing +0.14; set_age +0.06,150.02,171.51,-0.24287284792120764
swsh7-192,Dragonite V,Evolving Skies,515.55,0.02907105132743581,-0.1139235240244997,0.2070478856218131,73.43096234309623,none,none,undetermined,log_price -0.23; mispricing +0.12; premium_asof +0.10,406.69,419.9,-0.4828900340601322
sv9-171,Volcanion ex,Journey Together,0.89,0.029035441833772477,-0.20053704374433,0.27703781492662366,73.22175732217573,none,none,undetermined,log_price +0.16; premium_asof -0.09; set_age -0.05,1.26,1.16,1.252935499902279
sv4-249,Iron Valiant ex,Paradox Rift,19.71,0.028833908705252577,-0.1541972349872954,0.2652990694681006,73.01255230125523,none,none,undetermined,rarity_SIR +0.05; premium_asof -0.04; mispricing +0.04,21.37,17.73,-0.18083986103458158
swsh10-175,Hisuian Sneasler V,Astral Radiance,35.27,0.028829687436595086,-0.11416488791534044,0.20680652173097236,72.80334728033473,none,none,undetermined,log_price -0.06; mispricing +0.06; set_age +0.06,32.64,28.27,-0.5288292871886258
sv9-173,Lillie's Clefairy ex,Journey Together,6.22,0.028801517350547937,-0.20077096822755452,0.27680389044339915,72.59414225941423,none,none,undetermined,premium_asof +0.06; set_age -0.05; log_price +0.04,5.54,5.63,-0.16095258231573448
swsh7-189,Umbreon V,Evolving Skies,384.66,0.028782965799081475,-0.11421160955285405,0.20675980009345873,72.38493723849372,none,none,undetermined,log_price -0.21; premium_asof +0.12; mispricing +0.09,366.82,228.48,-1.2657353597177556
me2pt5-251,Sprigatito ex,Ascended Heroes,1.74,0.028740674683254135,-0.20083181089484833,0.2767430477761053,72.17573221757321,none,none,undetermined,log_price +0.12; mid_skew +0.11; mispricing -0.10,1.86,1.78,0.25744782788340365
swsh7-180,Espeon V,Evolving Skies,239.0,0.02854761473876132,-0.1144469606131742,0.2065244490331386,71.96652719665272,none,none,undetermined,log_price -0.18; premium_asof +0.10; set_age +0.08,145.84,129.56,-1.4499585449135381
sv3-228,Charizard ex,Obsidian Flames,33.73,0.0284668677955542,-0.11225895834881229,0.20959636822268968,71.75732217573221,none,none,undetermined,premium_asof +0.11; log_price -0.06; mispricing +0.02,26.36,25.15,-0.7273145502295992
sv3-223,Charizard ex,Obsidian Flames,98.9,0.028347973437983384,-0.15468317025456457,0.2648131342008314,71.54811715481172,none,none,undetermined,log_price -0.13; premium_asof +0.11; mispricing +0.05,95.54,77.6,-0.5888325334862861
sv3pt5-183,Charizard ex,151,39.25,0.028215068626679052,-0.20135741695142342,0.2762174417195302,71.33891213389121,none,none,undetermined,premium_asof +0.11; log_price -0.07; vol_6m +0.03,43.0,37.27,-0.003278368780264399
swsh7-166,Leafeon V,Evolving Skies,21.89,0.02807338016723799,-0.11492119518469754,0.20605021446161526,71.1297071129707,none,none,undetermined,premium_asof +0.09; set_age +0.08; log_price -0.03,23.94,16.84,-0.6432607808914003
swsh7-175,Glaceon V,Evolving Skies,156.66,0.028009070198742474,-0.11498550515319304,0.20598590449311974,70.92050209205021,none,none,undetermined,log_price -0.16; premium_asof +0.08; set_age +0.08,135.31,135.03,-0.3143838261335269
swsh7-188,Umbreon V,Evolving Skies,58.14,0.027768068923486114,-0.11522650642844941,0.20574490321786337,70.7112970711297,none,none,undetermined,premium_asof +0.12; log_price -0.09; set_age +0.08,43.36,46.21,-0.5527076057829184
me1-156,Mega Camerupt ex,Mega Evolution,1.49,0.02750615315013647,-0.202066332427966,0.27550852624298766,70.50209205020921,none,none,undetermined,log_price +0.13; premium_asof -0.08; set_age -0.07,2.55,2.56,2.7254912177727815
sv3pt5-186,Ninetales ex,151,14.5,0.027419871608350355,-0.20215261396975212,0.2754222447012016,70.29288702928869,none,none,undetermined,premium_asof +0.06; rarity_UR -0.02; vol_6m +0.02,15.65,16.0,0.5431174822674477
swsh7-211,Sylveon VMAX,Evolving Skies,58.38,0.027199142350635003,-0.11682340785527545,0.15256011625588192,70.0836820083682,none,none,undetermined,premium_asof +0.11; log_price -0.10; set_age +0.08,34.9,40.05,-0.9389380268336227
swsh12-197,Alolan Vulpix VSTAR,Silver Tempest,24.31,0.02662624653899553,-0.11739630366691492,0.15198722044424245,69.8744769874477,none,none,undetermined,mispricing -0.09; premium_asof +0.07; artwork +0.04,14.7,14.78,-1.2160247333348306
me2pt5-253,Mega Audino ex,Ascended Heroes,1.37,0.02656659985165088,-0.2030058857264516,0.27456897294450205,69.6652719665272,none,none,undetermined,log_price +0.14; set_age -0.08; mid_skew +0.05,1.4,1.35,0.1239963105069161
sv8-218,Black Kyurem ex,Surging Sparks,2.04,0.026565147636225507,-0.20300733794187698,0.2745675207290767,69.4560669456067,none,none,undetermined,log_price +0.11; mispricing -0.07; premium_asof -0.05,2.47,2.46,0.9068061599076381
sv10-210,Cetitan ex,Destined Rivals,1.07,0.02653132339133215,-0.20304116218677032,0.27453369648418335,69.24686192468619,none,none,undetermined,log_price +0.15; premium_asof -0.12; set_age -0.06,1.59,1.48,1.5362867479764606
swsh10-177,Origin Forme Dialga V,Astral Radiance,63.21,0.026322615196349243,-0.11667196015558629,0.2042994494907265,69.0376569037657,none,none,undetermined,log_price -0.10; set_age +0.06; mispricing +0.06,60.47,44.74,-0.8616202866563556
sv6pt5-82,Okidogi ex,Shrouded Fable,2.23,0.025940769271915336,-0.20363171630618715,0.2739431423647665,68.82845188284519,none,none,undetermined,log_price +0.11; premium_asof -0.04; mid_skew +0.04,1.91,1.71,-0.6520833587205033
sv3-215,Charizard ex,Obsidian Flames,22.74,0.025767389254960093,-0.2038050963231424,0.2737697623478113,68.6192468619247,none,none,undetermined,premium_asof +0.11; log_price -0.04; vol_6m +0.03,15.31,16.02,-0.8733862129538484
swsh12-211,Lugia VSTAR,Silver Tempest,26.66,0.02558644113873117,-0.1561856014386682,0.22942402224495742,68.41004184100419,none,none,undetermined,premium_asof +0.11; log_price -0.05; book_pos -0.05,25.29,32.89,1.0055128980845534
me2pt5-252,Stunfisk ex,Ascended Heroes,0.64,0.02554677957330424,-0.20402570600479825,0.2735491526661554,68.20083682008368,none,none,undetermined,log_price +0.18; mid_skew +0.09; set_age -0.08,0.77,0.75,0.7860642195895924
sv10-207,Arboliva ex,Destined Rivals,1.64,0.02541354066654069,-0.20415894491156178,0.2734159137593919,67.99163179916317,none,none,undetermined,log_price +0.12; premium_asof -0.08; set_age -0.06,1.77,1.61,0.1108803832560505
swsh7-173,Suicune V,Evolving Skies,9.51,0.025361374085805022,-0.1176332012661305,0.2033382083801823,67.78242677824268,none,none,undetermined,set_age +0.08; mispricing -0.07; premium_asof +0.06,9.97,9.89,0.31769721871338685
swsh7-207,Gyarados VMAX,Evolving Skies,47.69,0.025254298968741387,-0.11876825123716907,0.1506152728739883,67.57322175732217,none,none,undetermined,set_age +0.08; log_price -0.08; premium_asof +0.08,32.32,18.96,-1.9630875627783464
sv4pt5-233,Gardevoir ex,Paldean Fates,166.89,0.025227829595641574,-0.1578033140969064,0.2616929903584896,67.36401673640168,none,none,undetermined,log_price -0.16; mispricing +0.06; rarity_SIR +0.05,162.76,159.81,0.025205976916811795
sv8-216,Scovillain ex,Surging Sparks,0.88,0.025018495872576676,-0.2045539897055258,0.2730208689654279,67.15481171548117,none,none,undetermined,log_price +0.16; premium_asof -0.11; set_age -0.04,1.12,1.01,0.700328542066459
swsh7-212,Sylveon VMAX,Evolving Skies,384.06,0.024674512926708747,-0.11934803727920171,0.15003548683195567,66.94560669456067,none,none,undetermined,log_price -0.21; premium_asof +0.11; set_age +0.08,278.25,294.98,-0.6476774760555779
swsh11-212,Giratina VSTAR,Lost Origin,19.14,0.024563010485493305,-0.15720903209190606,0.22840059159171955,66.73640167364016,none,none,undetermined,premium_asof +0.09; set_age +0.04; mispricing -0.03,13.84,12.83,-0.9946756572414648
swsh7-167,Leafeon V,Evolving Skies,147.78,0.02446427251138932,-0.1185303028405462,0.2024411068057666,66.52719665271967,none,none,undetermined,log_price -0.15; book_pos -0.10; premium_asof +0.09,128.16,127.61,-0.3087633120991232
sv5-215,Walking Wake ex,Temporal Forces,10.85,0.023987433138396495,-0.11673839300597,0.20511693356553198,66.31799163179917,none,none,undetermined,mispricing +0.04; artwork -0.03; premium_asof -0.03,10.87,10.46,0.048207500386572275
swsh10-176,Hisuian Samurott V,Astral Radiance,2.84,0.023955348025700603,-0.11903922732623493,0.20193218232007787,66.10878661087865,none,none,undetermined,log_price +0.09; mispricing -0.08; set_age +0.06,2.83,2.94,0.30084432467615074
swsh7-169,Flareon V,Evolving Skies,21.47,0.02355689131948806,-0.11943768403244746,0.20153372561386534,65.89958158995816,none,none,undetermined,set_age +0.08; premium_asof +0.07; log_price -0.03,16.63,18.07,-0.3864256083136224
sv10-231,Team Rocket's Mewtwo ex,Destined Rivals,401.84,0.023489635564720474,-0.1595415081278275,0.25995479632756846,65.69037656903765,none,none,undetermined,log_price -0.21; premium_asof +0.08; set_age -0.06,589.39,532.55,1.3307188589261325
swsh9-164,Flygon V,Brilliant Stars,2.35,0.023262658690304777,-0.11973191666163074,0.20123949298468205,65.48117154811716,none,none,undetermined,log_price +0.10; set_age +0.07; mispricing -0.07,2.28,2.19,-0.06590590856832303
swsh7-168,Trevenant V,Evolving Skies,3.34,0.02297701424927369,-0.12001756110266183,0.20095384854365095,65.27196652719665,none,none,undetermined,set_age +0.08; log_price +0.08; premium_asof -0.08,3.76,3.98,0.8561566843769091
swsh7-194,Rayquaza V,Evolving Skies,489.6,0.022687001370301687,-0.12030757398163383,0.20066383566467896,65.06276150627615,none,none,undetermined,log_price -0.23; premium_asof +0.11; mispricing +0.10,399.26,302.05,-1.1842411968916737
swsh10-198,Origin Forme Dialga VSTAR,Astral Radiance,16.56,0.02248053536158179,-0.12154201484432867,0.1478415092668287,64.85355648535564,none,none,undetermined,mispricing -0.08; set_age +0.06; artwork +0.03,14.92,13.7,-0.4373563677432126
swsh10-210,Origin Forme Dialga VSTAR,Astral Radiance,13.53,0.02222826620371441,-0.15954377637368497,0.22606584730994064,64.64435146443515,none,none,undetermined,set_age +0.06; mispricing -0.04; vol_6m +0.02,12.89,8.42,-1.1651092315310898
swsh7-215,Umbreon VMAX,Evolving Skies,2283.9,0.0219441942231596,-0.12207835598275085,0.14730516812840652,64.43514644351464,none,none,undetermined,log_price -0.32; mispricing +0.14; premium_asof +0.12,1762.99,2026.85,-0.22377241022214578
swsh7-210,Dracozolt VMAX,Evolving Skies,7.81,0.02180120932557716,-0.12222134088033329,0.14716218323082408,64.22594142259415,none,none,undetermined,set_age +0.08; mispricing -0.06; log_price +0.03,5.87,6.05,-0.6242770208592997
sv9-172,Iono's Bellibolt ex,Journey Together,1.72,0.021773323682814653,-0.20779916189528783,0.2697756967756659,64.01673640167364,none,none,undetermined,log_price +0.12; vol_6m -0.08; set_age -0.05,1.73,1.68,0.0932589567590195
sv1-244,Miraidon ex,Scarlet & Violet,23.35,0.021476835115215715,-0.16155430857733225,0.2579419958780637,63.80753138075313,none,none,undetermined,mispricing +0.05; rarity_SIR +0.05; log_price -0.04,23.98,26.72,0.6882506000407791
swsh7-205,Leafeon VMAX,Evolving Skies,399.49,0.021424453173980236,-0.12259809703193023,0.14678542707922715,63.59832635983263,none,none,undetermined,log_price -0.21; premium_asof +0.09; set_age +0.08,285.61,308.91,-0.6292014445986703
swsh9-158,Raichu V,Brilliant Stars,6.04,0.02129905872332628,-0.12169551662860924,0.19927589301770354,63.38912133891213,none,none,undetermined,set_age +0.07; log_price +0.04; premium_asof +0.04,4.44,3.87,-1.0997532950144895
swsh9-159,Granbull V,Brilliant Stars,1.6,0.021122056856235357,-0.12187251849570016,0.19909889115061263,63.17991631799163,none,none,undetermined,log_price +0.13; set_age +0.07; premium_asof -0.06,1.52,1.46,-0.13483782251182821
swsh7-191,Dragonite V,Evolving Skies,39.3,0.02108394006615654,-0.12191063528577897,0.19906077436053382,62.97071129707113,none,none,undetermined,premium_asof +0.10; set_age +0.08; log_price -0.07,21.47,24.63,-1.1494985844335626
sv10-242,Team Rocket's Crobat ex,Destined Rivals,12.5,0.021081188946625258,-0.11964463719774124,0.20221068937376074,62.76150627615063,none,none,undetermined,set_age -0.06; mom_3m +0.03; lifecycle -0.03,18.0,19.92,2.2833843688145437
swsh12-173,Alolan Vulpix V,Silver Tempest,11.88,0.0209543354271646,-0.12204023992477092,0.19893116972154187,62.55230125523013,none,none,undetermined,premium_asof +0.07; mispricing -0.06; set_age +0.04,7.11,6.83,-1.333418858525863
swsh11-201,Giratina VSTAR,Lost Origin,28.76,0.020137106239290374,-0.12388544396662007,0.1454980801445373,62.34309623430963,none,none,undetermined,mispricing -0.09; premium_asof +0.09; log_price -0.05,1.39,1.43,-3.198102104789235
swsh10-194,Machamp VMAX,Astral Radiance,16.85,0.020060798585650696,-0.12396175162025976,0.1454217724908976,62.13389121338913,none,none,undetermined,set_age +0.06; mispricing -0.05; artwork +0.02,11.04,10.82,-1.0947541622747619
swsh11-180,Aerodactyl V,Lost Origin,205.34,0.019939780981516823,-0.12305479437041869,0.1979166152758941,61.92468619246861,none,none,undetermined,log_price -0.17; mispricing +0.14; book_pos -0.11,175.32,168.93,-0.45372528414343943
sv5-217,Iron Boulder ex,Temporal Forces,8.04,0.019902751827289934,-0.12082307431707656,0.20103225225442542,61.71548117154811,none,none,undetermined,premium_asof -0.08; mispricing +0.04; vol_6m +0.03,9.38,10.74,1.368148499033307
swsh10-196,Kleavor VSTAR,Astral Radiance,8.29,0.019857599844319233,-0.12416495036159123,0.14521857374956615,61.50627615062761,none,none,undetermined,premium_asof -0.08; mispricing -0.06; set_age +0.06,9.08,8.88,0.4285148706172583
sv5-196,Raging Bolt ex,Temporal Forces,3.76,0.019785531206690906,-0.20978695437141157,0.2677879042995421,61.29707112970711,none,none,undetermined,log_price +0.07; premium_asof +0.06; mispricing -0.05,2.99,2.8,-0.7306739553659645
swsh7-186,Medicham V,Evolving Skies,20.43,0.019703108892061824,-0.1232914664598737,0.1976799431864391,61.08786610878661,none,none,undetermined,set_age +0.08; premium_asof -0.08; mispricing +0.07,20.07,20.1,0.1184782603321983
swsh7-209,Glaceon VMAX,Evolving Skies,312.61,0.019627862292802625,-0.12439468791310783,0.14498883619804953,60.87866108786611,none,none,undetermined,log_price -0.20; premium_asof +0.08; set_age +0.08,259.73,200.39,-1.0987098724081639
sv1-245,Gardevoir ex,Scarlet & Violet,68.89,0.019614962165031606,-0.16341618152751636,0.2560801229278796,60.66945606694561,none,none,undetermined,log_price -0.11; mispricing +0.05; rarity_SIR +0.05,60.81,52.62,-0.6626983763450851
sv9-188,Iono's Bellibolt ex,Journey Together,11.73,0.01954702130657403,-0.12117880483779246,0.20067652173370953,60.46025104602511,none,none,undetermined,vol_6m -0.07; set_age -0.05; mom_3m +0.05,13.86,12.21,0.3211155257914298
sv3pt5-201,Alakazam ex,151,68.06,0.01943819059952335,-0.16359295309302463,0.25590335136237136,60.25104602510461,none,none,undetermined,log_price -0.10; mispricing +0.07; rarity_SIR +0.05,76.61,71.55,0.35788971488619764
swsh10-160,Beedrill V,Astral Radiance,4.16,0.019282712885095896,-0.12371186246683963,0.19725954717947317,60.04184100418411,none,none,undetermined,log_price +0.07; set_age +0.06; mispricing -0.04,3.83,3.83,-0.10581959319630627
sv1-228,Gardevoir ex,Scarlet & Violet,5.13,0.01928033685383751,-0.21029214872426497,0.2672827099466887,59.83263598326359,none,none,undetermined,mispricing -0.06; log_price +0.05; premium_asof +0.04,3.09,3.11,-1.2222112006722128
swsh7-198,Duraludon V,Evolving Skies,18.85,0.019190797148484443,-0.12380377820345108,0.1971676314428617,59.62343096234309,none,none,undetermined,set_age +0.08; premium_asof -0.05; mispricing +0.05,17.59,18.17,0.04774746620368797
swsh9-162,Honchkrow V,Brilliant Stars,12.28,0.019036720259608363,-0.12395785509232715,0.19701355455398564,59.41422594142259,none,none,undetermined,premium_asof -0.08; set_age +0.07; mispricing +0.06,13.7,13.32,0.4765188331997858
swsh12-177,Unown V,Silver Tempest,30.33,0.018776070091311395,-0.12421850526062413,0.19675290438568865,59.20502092050209,none,none,undetermined,log_price -0.05; set_age +0.04; mispricing +0.02,29.28,39.19,1.2129900150501538
swsh10-167,Origin Forme Palkia V,Astral Radiance,88.64,0.018653964673532312,-0.12434061067840321,0.19663079896790958,58.995815899581594,none,none,undetermined,log_price -0.12; mispricing +0.08; set_age +0.06,116.94,68.23,-0.6416924369588453
swsh11-184,Galarian Perrserker V,Lost Origin,22.19,0.018599757882297768,-0.12439481746963775,0.19657659217667503,58.78661087866108,none,none,undetermined,mispricing +0.07; set_age +0.04; log_price -0.04,18.23,16.39,-0.7521892471423642
swsh9-165,Arceus V,Brilliant Stars,10.24,0.018577409797442834,-0.12441716555449268,0.1965542440918201,58.57740585774059,none,none,undetermined,set_age +0.07; premium_asof +0.05; mispricing -0.03,7.35,7.59,-0.7429937644718777
swsh7-214,Umbreon VMAX,Evolving Skies,83.15,0.01827955396506421,-0.12574299624084626,0.14364052787031112,58.36820083682008,none,none,undetermined,premium_asof +0.12; log_price -0.12; mispricing -0.09,51.17,45.98,-1.411313507353508
swsh10-163,Hisuian Lilligant V,Astral Radiance,27.69,0.018192394297685127,-0.1248021810542504,0.1961692285920624,58.15899581589959,none,none,undetermined,set_age +0.06; mispricing +0.05; log_price -0.05,21.4,26.04,-0.03573828544589469
sv5-213,Iron Leaves ex,Temporal Forces,8.16,0.018166232094135665,-0.12255959405023083,0.19929573252127117,57.94979079497908,none,none,undetermined,artwork -0.03; log_price +0.03; mid_skew -0.02,8.75,8.91,0.5021574950579706
swsh7-184,Sylveon V,Evolving Skies,200.36,0.01805895714808463,-0.12493561820385089,0.19603579144246192,57.74058577405857,none,none,undetermined,log_price -0.17; premium_asof +0.11; set_age +0.08,139.66,128.59,-1.0959674597290376
sv5-216,Iron Crown ex,Temporal Forces,8.58,0.017980669472584032,-0.12274515667178246,0.19911016989971952,57.53138075313807,none,none,undetermined,mispricing -0.05; log_price +0.02; appeal_missing -0.02,9.47,10.33,0.8999905120449171
swsh11-174,Kyurem V,Lost Origin,3.42,0.017903805050367472,-0.12509077030156804,0.19588063934474476,57.32217573221757,none,none,undetermined,log_price +0.08; premium_asof -0.05; set_age +0.04,2.92,2.68,-0.5924014948079751
swsh10-178,Garchomp V,Astral Radiance,10.19,0.01788658139636637,-0.12510799395556915,0.19586341569074364,57.11297071129707,none,none,undetermined,premium_asof +0.07; mispricing -0.06; set_age +0.06,5.86,5.86,-1.3328586779256533
swsh7-181,Golurk V,Evolving Skies,3.79,0.017837618237693875,-0.12515695711424166,0.19581445253207114,56.903765690376574,none,none,undetermined,set_age +0.08; log_price +0.07; premium_asof -0.05,4.43,4.77,1.0938902987674042
sv1-224,Arcanine ex,Scarlet & Violet,14.62,0.017815296351399657,-0.2117571892267028,0.26581766944425084,56.69456066945606,none,none,undetermined,premium_asof +0.07; mid_skew -0.03; set_age +0.03,7.79,7.98,-1.4366954849831586
swsh11-177,Rotom V,Lost Origin,30.68,0.017779348512936475,-0.12521522683899905,0.19575618280731374,56.48535564853556,none,none,undetermined,log_price -0.06; mispricing +0.05; set_age +0.04,25.6,24.29,-0.5636595522373198
sv5-218,Raging Bolt ex,Temporal Forces,13.98,0.017724759068222462,-0.12300106707614403,0.19885425949535795,56.27615062761506,none,none,undetermined,premium_asof +0.06; artwork -0.03; mid_skew -0.02,12.36,11.54,-0.4438527828791423
sv10-240,Team Rocket's Mewtwo ex,Destined Rivals,53.04,0.017684151947429876,-0.12304167419693661,0.19881365237456536,56.06694560669456,none,none,undetermined,log_price -0.09; premium_asof +0.08; set_age -0.06,52.96,60.92,0.7033103880064
swsh10-161,Beedrill V,Astral Radiance,75.63,0.017655921276247214,-0.1253386540756883,0.19563275557062448,55.85774058577406,none,none,undetermined,log_price -0.11; mispricing +0.08; set_age +0.06,63.15,50.35,-1.0109468057431268
sv6-214,Greninja ex,Twilight Masquerade,333.46,0.017453014050863396,-0.16557812964168458,0.25391817481371143,55.64853556485355,none,none,undetermined,log_price -0.20; mispricing +0.06; premium_asof +0.05,201.38,170.76,-1.556496100599135
sv6-200,Dragapult ex,Twilight Masquerade,12.28,0.017104984664230934,-0.21246750091387154,0.2651073577570821,55.43933054393305,none,none,undetermined,premium_asof +0.05; rarity_UR -0.02; set_age -0.02,8.44,8.63,-0.8794815050775697
sv4pt5-241,Chi-Yu ex,Paldean Fates,11.1,0.017078752183588137,-0.12364707396077836,0.19820825261072364,55.23012552301255,none,none,undetermined,mispricing +0.06; artwork -0.04; appeal_missing -0.02,7.97,8.03,-0.80614772316885
sv8-225,Alolan Exeggutor ex,Surging Sparks,1.98,0.01704624970096483,-0.21252623587713765,0.265048622793816,55.02092050209205,none,none,undetermined,log_price +0.11; vol_6m -0.05; set_age -0.04,2.63,2.67,1.4131114297097636
sv3-225,Pidgeot ex,Obsidian Flames,18.92,0.0169295239644266,-0.16610161972812137,0.2533946847272746,54.811715481171554,none,none,undetermined,mispricing +0.10; rarity_SIR +0.05; premium_asof -0.03,17.64,16.73,-0.23514035523109453
swsh7-196,Noivern V,Evolving Skies,76.59,0.016808016515443537,-0.126186558836492,0.1947848508098208,54.60251046025104,none,none,undetermined,log_price -0.11; mispricing +0.10; set_age +0.08,65.3,65.82,-0.32343458332256025
sv4-221,Golisopod ex,Paradox Rift,1.95,0.016788009645686993,-0.21278447593241548,0.26479038273853817,54.39330543933054,none,none,undetermined,log_price +0.11; premium_asof -0.11; rarity_UR -0.02,2.05,2.15,0.5399782552961949
sv6-222,Bloodmoon Ursaluna ex,Twilight Masquerade,8.27,0.01678009383458423,-0.12394573230978226,0.19790959426171972,54.18410041841004,none,none,undetermined,premium_asof -0.06; log_price +0.02; artwork -0.02,9.02,8.33,0.2015870490333891
swsh12-179,Hisuian Arcanine V,Silver Tempest,5.55,0.016767881199191495,-0.126226694152744,0.19474471549356875,53.97489539748954,none,none,undetermined,mispricing -0.08; premium_asof +0.07; log_price +0.05,4.4,4.14,-0.7261822793740886
sv5-193,Gengar ex,Temporal Forces,53.42,0.016753744774201256,-0.21281874080390123,0.26475611786705244,53.76569037656904,none,none,undetermined,premium_asof +0.13; log_price -0.09; mispricing +0.04,31.06,29.81,-1.393368915056706
swsh10-190,Hisuian Lilligant VSTAR,Astral Radiance,8.18,0.016747334640514186,-0.12727521556539628,0.14210830854576112,53.55648535564853,none,none,undetermined,set_age +0.06; mispricing -0.05; log_price +0.03,6.54,6.3,-0.6401715262342559
sv4-246,Golisopod ex,Paradox Rift,25.82,0.01664227793140906,-0.1663888657611389,0.25310743869425706,53.34728033472803,none,none,undetermined,premium_asof -0.11; mispricing +0.09; rarity_SIR +0.05,20.48,22.34,-0.30270114585625124
sv4-262,Roaring Moon ex,Paradox Rift,6.71,0.016586715805135883,-0.12413911033923061,0.19771621623227137,53.13807531380753,none,none,undetermined,mispricing -0.04; log_price +0.04; appeal_missing -0.02,5.33,5.26,-0.59141130906318
swsh12-198,Regieleki VMAX,Silver Tempest,7.66,0.016545639627565525,-0.12747691057834493,0.14190661353281245,52.928870292887034,none,none,undetermined,premium_asof -0.09; set_age +0.04; log_price +0.03,7.27,6.38,-0.4174613816908355
sv4pt5-243,Miraidon ex,Paldean Fates,15.08,0.01646469724657577,-0.12426112889779072,0.19759419767371125,52.719665271966534,none,none,undetermined,premium_asof -0.03; mispricing +0.03; appeal_missing -0.02,11.96,12.17,-0.5093083598451981
sv6-199,Cornerstone Mask Ogerpon ex,Twilight Masquerade,3.7,0.016354797653783275,-0.2132176879243192,0.26435717074663445,52.51046025104602,none,none,undetermined,log_price +0.07; mispricing -0.05; premium_asof -0.03,3.51,3.77,0.2429988994184194
swsh12-180,Skuntank V,Silver Tempest,1.62,0.016318787276496414,-0.1266757880754391,0.19429562157087368,52.30125523012552,none,none,undetermined,log_price +0.12; premium_asof -0.07; set_age +0.04,1.94,1.92,0.8333215756099686
sv5-186,Iron Leaves ex,Temporal Forces,2.07,0.016222021663473807,-0.21335046391462867,0.264224394756325,52.09205020920502,none,none,undetermined,log_price +0.11; mom_3m -0.03; rarity_UR -0.02,1.97,1.83,-0.23582027099090777
sv1-247,Koraidon ex,Scarlet & Violet,23.01,0.01612033491593183,-0.16691080877661613,0.25258549567877986,51.88284518828452,none,none,undetermined,mispricing +0.06; rarity_SIR +0.05; premium_asof -0.04,22.81,19.0,-0.44291903012687234
sv6-211,Teal Mask Ogerpon ex,Twilight Masquerade,20.43,0.01588156170423571,-0.16714958198831226,0.25234672246708373,51.67364016736402,none,none,undetermined,rarity_SIR +0.05; artwork +0.04; log_price -0.03,19.18,19.72,0.05243925065499705
sv4pt5-245,Koraidon ex,Paldean Fates,12.51,0.015815638988938552,-0.12491018715542794,0.19694513941607406,51.46443514644351,none,none,undetermined,mispricing +0.08; premium_asof -0.04; artwork -0.04,11.67,11.09,-0.2271825690024429
swsh12-210,Serperior VSTAR,Silver Tempest,6.43,0.015802787409394264,-0.16596925516800512,0.2196403685156205,51.25523012552301,none,none,undetermined,premium_asof -0.05; log_price +0.04; set_age +0.04,5.38,5.76,-0.19412728674500632
swsh9-157,Pikachu V,Brilliant Stars,26.64,0.015765428697141138,-0.12722914665479437,0.19374226299151842,51.04602510460251,none,none,undetermined,premium_asof +0.08; set_age +0.07; mispricing +0.06,19.15,18.88,-0.8583918131147609
swsh10-179,Oranguru V,Astral Radiance,2.06,0.015653461062695835,-0.1273411142892397,0.1936302953570731,50.836820083682014,none,none,undetermined,log_price +0.11; premium_asof -0.10; set_age +0.06,2.14,1.81,-0.25505383362250583
sv6-221,Teal Mask Ogerpon ex,Twilight Masquerade,9.11,0.01562918838558371,-0.12509663775878277,0.1967586888127192,50.627615062761514,none,none,undetermined,artwork -0.03; premium_asof -0.03; mispricing +0.02,9.8,9.58,0.3590023372904335
swsh12-200,Mawile VSTAR,Silver Tempest,7.12,0.015511380002360055,-0.1285111702035504,0.14087235390760697,50.418410041841,none,none,undetermined,set_age +0.04; log_price +0.03; mispricing -0.03,6.77,6.44,-0.16326149458426947
sv6-216,Bloodmoon Ursaluna ex,Twilight Masquerade,45.63,0.015125739854542483,-0.16790540383800548,0.2515909006173905,50.2092050209205,none,none,undetermined,log_price -0.08; premium_asof -0.06; rarity_SIR +0.05,32.86,26.96,-1.276882893066306
sv4-250,Sandy Shocks ex,Paradox Rift,8.97,0.015075505105865125,-0.16795563858668283,0.25154066586871315,50.0,none,none,undetermined,premium_asof -0.05; rarity_SIR +0.05; vol_6m -0.02,7.51,7.33,-0.4733096157726746
sv4-224,Cofagrigus ex,Paradox Rift,2.03,0.015066662354789177,-0.2145058232233133,0.2630690354476404,49.7907949790795,none,none,undetermined,log_price +0.11; mispricing -0.05; mid_skew -0.03,1.62,1.38,-0.9610206979587431
swsh11-200,Drapion VSTAR,Lost Origin,6.35,0.014926777338505615,-0.12909577286740484,0.14028775124375253,49.58158995815899,none,none,undetermined,premium_asof -0.10; set_age +0.04; log_price +0.04,4.8,4.2,-1.0262982567783012
sv4-261,Iron Valiant ex,Paradox Rift,5.2,0.014790779412434032,-0.12593504673193245,0.19592027983956953,49.37238493723849,none,none,undetermined,log_price +0.05; premium_asof -0.04; artwork -0.03,3.92,4.38,-0.38405320369219403
swsh7-197,Duraludon V,Evolving Skies,2.4,0.014789536963647876,-0.12820503838828765,0.19276637125802515,49.163179916317986,none,none,undetermined,log_price +0.10; set_age +0.08; mispricing -0.07,3.54,4.0,2.5428050629557566
swsh7-190,Garbodor V,Evolving Skies,4.82,0.014587991253440992,-0.12840658409849454,0.19256482554781826,48.95397489539749,none,none,undetermined,set_age +0.08; log_price +0.06; mispricing -0.05,3.58,3.42,-0.8554276721829495
sv5-214,Gouging Fire ex,Temporal Forces,15.39,0.014562934296014384,-0.1261628918483521,0.19569243472314987,48.74476987447699,none,none,undetermined,artwork -0.03; premium_asof +0.03; mid_skew -0.03,13.52,13.18,-0.33401802573546785
sv4-228,Sandy Shocks ex,Paradox Rift,2.07,0.014378501088341213,-0.21519398448976126,0.26238087418119244,48.53556485355649,none,none,undetermined,log_price +0.11; premium_asof -0.05; artwork -0.03,1.75,1.26,-1.2134847403425124
swsh10-197,Hisuian Samurott VSTAR,Astral Radiance,8.69,0.014215623255896922,-0.12980692695001353,0.13957659716114384,48.32635983263599,none,none,undetermined,mispricing -0.08; set_age +0.06; vol_6m +0.03,8.35,7.87,-0.15919875664647265
swsh10-209,Hisuian Samurott VSTAR,Astral Radiance,8.86,0.014035481589744216,-0.16773656098765516,0.21787306269597045,48.11715481171548,none,none,undetermined,set_age +0.06; mid_skew -0.03; mispricing -0.03,6.71,6.42,-0.8019526962754181
swsh7-228,Cresselia,Evolving Skies,13.09,0.013913295732948621,-0.16785874684445076,0.21775087683917485,47.90794979079498,none,none,undetermined,set_age +0.08; premium_asof -0.03; artwork -0.03,14.77,15.33,0.7833942503933703
sv5-189,Walking Wake ex,Temporal Forces,2.0,0.01383441852400989,-0.2157380670540926,0.2618367916168611,47.69874476987448,none,none,undetermined,log_price +0.11; mispricing -0.04; premium_asof -0.03,1.81,1.75,-0.2679802864301058
sv4-225,Iron Valiant ex,Paradox Rift,2.64,0.013710237130541234,-0.21586224844756124,0.26171261022339243,47.48953974895397,none,none,undetermined,log_price +0.09; premium_asof -0.04; rarity_UR -0.02,2.32,2.42,-0.12004421540979741
swsh9-163,Zamazenta V,Brilliant Stars,2.64,0.013665890261516942,-0.1293286850904186,0.1916427245558942,47.28033472803347,none,none,undetermined,log_price +0.09; set_age +0.07; mispricing -0.06,2.58,2.5,-0.01245434557684586
swsh11-197,Kyurem VMAX,Lost Origin,9.59,0.013470417625062578,-0.13055213258084788,0.1388313915303095,47.071129707112966,none,none,undetermined,mispricing -0.07; premium_asof -0.05; set_age +0.04,7.37,6.86,-0.8348885877853026
me2-112,Mismagius ex,Phantasmal Flames,1.52,0.01338046854478382,-0.21619201703331867,0.26138284163763503,46.86192468619247,none,none,undetermined,log_price +0.13; set_age -0.07; premium_asof -0.04,1.79,1.67,0.5262028316789186
sv9-178,Dudunsparce ex,Journey Together,1.21,0.013326111501116348,-0.21624637407698613,0.26132848459396757,46.65271966527197,none,none,undetermined,log_price +0.14; vol_6m -0.06; set_age -0.05,1.43,1.46,0.9093952209463991
swsh7-176,Arctovish V,Evolving Skies,2.91,0.013319892763366536,-0.12967468258856898,0.1912967270577438,46.44351464435147,none,none,undetermined,log_price +0.09; set_age +0.08; mispricing -0.07,4.03,3.59,1.0054900156519309
swsh10-191,Heatran VMAX,Astral Radiance,7.17,0.013260963162895564,-0.13076158704301488,0.1386219370681425,46.23430962343097,none,none,undetermined,premium_asof -0.11; set_age +0.06; log_price +0.03,6.72,6.7,-0.056908318991088225
swsh11-178,Enamorus V,Lost Origin,2.41,0.013255864993547481,-0.12973871035838805,0.19123269928792475,46.02510460251046,none,none,undetermined,log_price +0.10; mispricing -0.07; set_age +0.04,2.74,2.02,-0.3987287641368518
swsh10-162,Hisuian Lilligant V,Astral Radiance,3.62,0.013107011940793827,-0.1298875634111417,0.1910838462351711,45.81589958158996,none,none,undetermined,log_price +0.08; mispricing -0.06; set_age +0.06,2.69,3.05,-0.3832233030812857
swsh11-199,Aerodactyl VSTAR,Lost Origin,15.48,0.013048788374952545,-0.1309737618309579,0.13840976228019947,45.60669456066946,none,none,undetermined,mispricing -0.05; set_age +0.04; vol_6m +0.03,11.13,10.33,-1.0053670590352093
sv5-194,Farigiraf ex,Temporal Forces,2.29,0.01293836823048632,-0.21663411734761615,0.2609407413233375,45.39748953974895,none,none,undetermined,log_price +0.10; rarity_UR -0.02; artwork -0.02,1.96,1.87,-0.4753491894760404
swsh12-183,Regidrago V,Silver Tempest,2.5,0.012634726577097717,-0.1303598487748378,0.190611560871475,45.18828451882845,none,none,undetermined,log_price +0.10; premium_asof -0.06; mispricing -0.05,2.68,2.61,0.3320484176282657
swsh9-176,Arceus VSTAR,Brilliant Stars,16.26,0.012539876253331271,-0.13148267395257918,0.1379008501585782,44.97907949790795,none,none,undetermined,mispricing -0.08; set_age +0.07; premium_asof +0.05,8.63,8.67,-1.4814927804454041
sv4-234,Bombirdier ex,Paradox Rift,1.94,0.012521392881677078,-0.2170510926964254,0.26052376597452825,44.76987447698745,none,none,undetermined,log_price +0.11; premium_asof -0.09; artwork -0.02,1.77,1.6,-0.4464186401350138
me2-110,Oricorio ex,Phantasmal Flames,1.24,0.012365895292362018,-0.21720659028574046,0.2603682683852132,44.56066945606695,none,none,undetermined,log_price +0.14; premium_asof -0.10; set_age -0.07,1.59,1.58,1.1493427165709145
sv4-231,Gholdengo ex,Paradox Rift,3.71,0.01235166293825002,-0.21722082263985246,0.26035403603110124,44.35146443514644,none,none,undetermined,log_price +0.07; premium_asof -0.03; mispricing -0.02,2.64,2.37,-1.1065505218902374
swsh10-195,Hisuian Decidueye VSTAR,Astral Radiance,8.0,0.012267039858230076,-0.13175551034768038,0.137628013763477,44.14225941422594,none,none,undetermined,mispricing -0.07; set_age +0.06; premium_asof -0.05,6.85,6.84,-0.33898960051985394
sv4-230,Aegislash ex,Paradox Rift,1.87,0.012139602000968513,-0.21743288357713397,0.2601419750938197,43.93305439330544,none,none,undetermined,log_price +0.12; premium_asof -0.07; mispricing -0.06,1.7,1.72,-0.10896878763287614
sv6-193,Palafin ex,Twilight Masquerade,1.7,0.011587117969816105,-0.21798536760828638,0.2595894910626673,43.72384937238494,none,none,undetermined,log_price +0.12; premium_asof -0.08; rarity_UR -0.02,1.5,1.37,-0.513380121887323
swsh10-170,Jirachi V,Astral Radiance,24.88,0.01123685910596158,-0.13175771624597393,0.18921369340033886,43.51464435146444,none,none,undetermined,set_age +0.06; premium_asof +0.05; log_price -0.04,11.19,13.06,-1.510928690211669
sv4-227,Toxtricity ex,Paradox Rift,3.48,0.011081252593350783,-0.2184912329847517,0.25908362568620197,43.30543933054393,none,none,undetermined,log_price +0.08; mispricing -0.03; rarity_UR -0.02,2.59,2.85,-0.4669287957332792
swsh11-188,Pidgeot V,Lost Origin,2.89,0.010956702427410519,-0.132037872924525,0.18893353672178778,43.09623430962343,none,none,undetermined,log_price +0.09; mispricing -0.05; set_age +0.04,3.04,3.23,0.5935297742175734
me2-127,Mega Sharpedo ex,Phantasmal Flames,15.88,0.01080720598592239,-0.17222393770662558,0.2472723667487704,42.88702928870293,none,none,undetermined,set_age -0.07; rarity_SIR +0.05; mid_skew +0.04,19.72,22.02,1.5486150441089472
sv8-215,Durant ex,Surging Sparks,0.96,0.010643605697655104,-0.21892887988044737,0.2586459787905063,42.67782426778243,none,none,undetermined,log_price +0.16; premium_asof -0.06; vol_6m -0.04,1.18,1.12,0.7675722107120541
swsh12-171,Chesnaught V,Silver Tempest,2.47,0.01045807789138639,-0.13253649746054913,0.18843491218576366,42.46861924686193,none,none,undetermined,log_price +0.10; premium_asof -0.08; set_age +0.04,2.46,2.27,-0.11165917494710809
sv9-175,N's Zoroark ex,Journey Together,3.94,0.010222855634705751,-0.2193496299433967,0.25822522872755693,42.25941422594142,none,none,undetermined,log_price +0.07; set_age -0.05; lifecycle -0.03,3.93,3.88,0.12175992097872715
swsh9-175,Whimsicott VSTAR,Brilliant Stars,6.05,0.009955731012384244,-0.1340668191935262,0.13531670491763118,41.945606694560674,none,none,undetermined,set_age +0.07; premium_asof -0.05; log_price +0.04,4.1,3.44,-1.35586058390011
swsh7-216,Garbodor VMAX,Evolving Skies,8.44,0.009955731012384244,-0.1340668191935262,0.13531670491763118,41.945606694560674,none,none,undetermined,set_age +0.08; mispricing -0.03; log_price +0.02,5.8,5.99,-0.8548167387713294
swsh12-201,Regidrago VSTAR,Silver Tempest,7.88,0.00958336353067549,-0.13443918667523497,0.1349443374359224,41.63179916317992,none,none,undetermined,premium_asof -0.06; set_age +0.04; mispricing -0.03,7.81,7.01,-0.21616511434685043
sv10-233,Team Rocket's Nidoking ex,Destined Rivals,86.26,0.009528504394409013,-0.17350263929813897,0.245993665157257,41.42259414225941,none,none,undetermined,log_price -0.12; set_age -0.06; rarity_SIR +0.05,110.37,98.77,0.6907401218909333
sv8pt5-163,Pecharunt ex,Prismatic Evolutions,28.52,0.009336756971209932,-0.17369438672133805,0.24580191773405793,41.21338912133891,none,none,undetermined,log_price -0.05; mispricing -0.05; rarity_SIR +0.05,29.03,30.42,0.41235965308685335
swsh10-171,Machamp V,Astral Radiance,10.89,0.009232903550721046,-0.13376167180121448,0.1872097378450983,41.00418410041841,none,none,undetermined,direct_disc +0.09; set_age +0.06; vol_6m +0.03,11.23,11.19,0.27363689920622974
sv4-248,Iron Hands ex,Paradox Rift,12.95,0.009177277150814121,-0.17385386654173385,0.24564243791366214,40.79497907949791,none,none,undetermined,mispricing +0.06; rarity_SIR +0.05; premium_asof -0.04,10.61,9.74,-0.7042489005046679
sv5-206,Iron Crown ex,Temporal Forces,51.07,0.008924065712763586,-0.1741070779797844,0.2453892264756116,40.58577405857741,none,none,undetermined,log_price -0.09; mispricing +0.05; rarity_SIR +0.05,42.38,37.76,-0.7495039419168084
sv1-253,Miraidon ex,Scarlet & Violet,7.65,0.008766856344744542,-0.13195896979962196,0.18989635677188005,40.27196652719665,none,none,undetermined,mispricing +0.03; log_price +0.03; premium_asof -0.03,6.18,5.99,-0.5945999255847478
swsh11-198,Magnezone VSTAR,Lost Origin,6.63,0.008766856344744542,-0.13525569386116593,0.13412783024999148,40.27196652719665,none,none,undetermined,premium_asof -0.07; set_age +0.04; log_price +0.04,5.22,4.75,-0.8309406290910989
sv10-206,Yanmega ex,Destined Rivals,1.18,0.008590610526825982,-0.2209818750512765,0.2565929836196772,39.9581589958159,none,none,undetermined,log_price +0.14; premium_asof -0.10; set_age -0.06,1.3,1.3,0.5368922355617429
sv8-242,Alolan Exeggutor ex,Surging Sparks,26.28,0.008459012536493034,-0.17457213115605494,0.24492417329934105,39.74895397489539,none,none,undetermined,log_price -0.05; rarity_SIR +0.05; set_age -0.04,28.11,31.21,0.8418779998090122
swsh9-182,Galarian Zapdos V,Brilliant Stars,15.93,0.008430614243535634,-0.17334142833386373,0.21226819534976188,39.53974895397489,none,none,undetermined,set_age +0.07; premium_asof +0.04; mid_skew -0.04,11.4,12.34,-0.624308412296348
sv6pt5-83,Munkidori ex,Shrouded Fable,2.19,0.00811809143671743,-0.22145439414138504,0.2561204645295686,39.33054393305439,none,none,undetermined,log_price +0.11; set_age -0.03; rarity_UR -0.02,2.1,2.01,-0.11599117236814538
me1-157,Mega Abomasnow ex,Mega Evolution,1.84,0.007817651051095274,-0.2217548345270072,0.25582002414394645,39.12133891213389,none,none,undetermined,log_price +0.12; premium_asof -0.09; set_age -0.07,2.51,2.35,1.1599243990702635
sv9-182,Volcanion ex,Journey Together,17.28,0.007594425148778621,-0.17543671854376935,0.24405958591162663,38.912133891213394,none,none,undetermined,premium_asof -0.09; mispricing +0.09; set_age -0.05,23.52,23.34,1.420956524385083
me2-126,Rotom ex,Phantasmal Flames,13.74,0.007500247613393952,-0.175530896079154,0.24396540837624198,38.70292887029289,none,none,undetermined,set_age -0.07; rarity_SIR +0.05; mispricing +0.04,12.84,11.36,-0.4391726830256595
sv9-186,Hop's Zacian ex,Journey Together,28.06,0.007341631885652002,-0.17568951180689596,0.24380679264850003,38.49372384937239,none,none,undetermined,log_price -0.05; set_age -0.05; rarity_SIR +0.05,35.04,37.85,1.414568455744565
swsh9-160,Whimsicott V,Brilliant Stars,2.06,0.0069817876613161856,-0.13601278769061934,0.18495862195569346,38.28451882845189,none,none,undetermined,log_price +0.11; set_age +0.07; premium_asof -0.05,1.55,1.52,-0.754876675516364
sv7-157,Cinderace ex,Stellar Crown,3.47,0.0069750638588159134,-0.22259742171928656,0.25497743695166714,38.07531380753138,none,none,undetermined,log_price +0.08; set_age -0.03; premium_asof -0.03,2.52,2.37,-0.9496799335813259
swsh10-168,Luxray V,Astral Radiance,6.25,0.006952617968678054,-0.13604195738325747,0.18492945226305532,37.86610878661088,none,none,undetermined,set_age +0.06; mid_skew -0.05; mispricing -0.05,4.07,4.83,-0.6308378814287184
sv10-216,Team Rocket's Nidoking ex,Destined Rivals,3.67,0.006753696830956359,-0.2228187887471461,0.25475606992380756,37.65690376569037,none,none,undetermined,log_price +0.07; mispricing -0.06; set_age -0.06,4.04,3.82,0.3209423287215858
sv5-204,Gouging Fire ex,Temporal Forces,50.73,0.006440101688033626,-0.17659104200451434,0.24290526245088165,37.44769874476987,none,none,undetermined,log_price -0.09; book_pos -0.06; rarity_SIR +0.05,35.9,32.32,-1.1126418864898802
swsh9-181,Galarian Articuno V,Brilliant Stars,16.08,0.006279063252051507,-0.17549297932534785,0.21011664435827776,37.238493723849366,none,none,undetermined,set_age +0.07; premium_asof +0.06; mid_skew -0.03,11.7,11.71,-0.7890685365911919
sv9-183,Iono's Bellibolt ex,Journey Together,33.36,0.0062581747491611125,-0.17677296894338687,0.24272333551200911,37.029288702928866,none,none,undetermined,log_price -0.06; mispricing +0.05; set_age -0.05,32.8,32.08,0.039599026698449384
me2-115,Mega Lopunny ex,Phantasmal Flames,2.04,0.005690808598124973,-0.2238816769799775,0.25369318169097616,36.82008368200837,none,none,undetermined,log_price +0.11; set_age -0.07; vol_6m -0.06,2.29,2.39,0.7849764543615021
swsh7-213,Lycanroc VMAX,Evolving Skies,10.38,0.005661174390476942,-0.1383613758154335,0.13102214829572387,36.61087866108787,none,none,undetermined,set_age +0.08; mispricing -0.08; premium_asof -0.06,7.41,7.2,-0.9118870001774603
swsh7-185,Medicham V,Evolving Skies,2.22,0.005538740473547569,-0.13745583487838794,0.18351557476792485,36.40167364016737,none,none,undetermined,log_price +0.11; set_age +0.08; premium_asof -0.08,3.51,4.08,3.150542435795942
me1-182,Mega Kangaskhan ex,Mega Evolution,53.97,0.005204894074309695,-0.17782624961823829,0.2416700548371577,36.19246861924686,none,none,undetermined,log_price -0.09; set_age -0.07; rarity_SIR +0.05,58.37,59.59,0.5455447555954154
swsh11-173,Delphox V,Lost Origin,3.98,0.005182676710312163,-0.13781189864162335,0.18315951100468944,35.98326359832636,none,none,undetermined,log_price +0.07; set_age +0.04; premium_asof -0.04,2.79,2.62,-1.037396535204072
sv4-232,Altaria ex,Paradox Rift,3.55,0.005034773869024783,-0.2245377117090777,0.25303714696187596,35.77405857740586,none,none,undetermined,log_price +0.08; mispricing -0.03; mom_3m -0.03,2.8,2.91,-0.46425603136127525
sv8pt5-160,Cornerstone Mask Ogerpon ex,Prismatic Evolutions,13.72,0.0049596219323268746,-0.1780715217602211,0.2414247826951749,35.56485355648535,none,none,undetermined,rarity_SIR +0.05; set_age -0.04; premium_asof -0.03,17.64,18.3,1.3610416967876937
swsh12-176,Unown V,Silver Tempest,4.11,0.004922429502728672,-0.13807214584920685,0.18289926379710594,35.35564853556485,none,none,undetermined,log_price +0.07; mid_skew -0.05; set_age +0.04,3.51,3.45,-0.3943198507321212
me2-113,Mega Sharpedo ex,Phantasmal Flames,2.12,0.004300610008586975,-0.2252718755695155,0.25230298310143817,35.146443514644346,none,none,undetermined,log_price +0.11; set_age -0.07; mispricing -0.03,2.3,2.38,0.6112623998226707
swsh10-164,Virizion V,Astral Radiance,2.12,0.003349909189810423,-0.1396446661621251,0.1813267434841877,34.93723849372385,none,none,undetermined,log_price +0.11; premium_asof -0.09; mispricing -0.06,3.08,2.95,1.5658687448971151
swsh10-165,Heatran V,Astral Radiance,1.95,0.0031391962828105704,-0.13985537906912496,0.18111603057718784,34.72803347280335,none,none,undetermined,log_price +0.11; premium_asof -0.11; set_age +0.06,2.59,2.61,1.3775240112265563
swsh11-185,Giratina V,Lost Origin,18.23,0.002876670696197576,-0.14011790465573795,0.18085350499057484,34.51882845188285,none,none,undetermined,premium_asof +0.09; mispricing -0.05; set_age +0.04,12.05,11.88,-1.0608949051571681
sv9-184,Lillie's Clefairy ex,Journey Together,92.77,0.0027861008450820557,-0.18024504284746592,0.23925126160793006,34.30962343096235,none,none,undetermined,log_price -0.12; premium_asof +0.06; set_age -0.05,101.73,96.75,0.3281492967274016
sv6-210,Sinistcha ex,Twilight Masquerade,34.81,0.002435694442784346,-0.18059544924976362,0.23890085520563237,34.10041841004184,none,none,undetermined,log_price -0.06; premium_asof -0.05; mispricing +0.05,19.09,18.47,-1.490779646231122
sv4-247,Tapu Koko ex,Paradox Rift,18.16,0.0018969454880010158,-0.18113419820454696,0.23836210625084903,33.89121338912134,none,none,undetermined,premium_asof -0.10; rarity_SIR +0.05; vol_6m -0.04,15.03,15.46,-0.3520496836178582
swsh7-187,Lycanroc V,Evolving Skies,4.0,0.0008798060310974709,-0.14211476932083805,0.17885664032547474,33.68200836820084,none,none,undetermined,set_age +0.08; vol_6m -0.08; log_price +0.07,5.6,5.9,1.8622991362623373
sv4-233,Maushold ex,Paradox Rift,19.52,0.0007917161921764588,-0.228780769385926,0.24879408928502766,33.47280334728033,none,none,undetermined,premium_asof +0.10; mispricing +0.05; artwork -0.04,6.07,6.1,-2.2651172452042707
sv4-252,Gholdengo ex,Paradox Rift,31.88,0.000669154396301999,-0.18236198929624597,0.23713431515915,33.26359832635983,none,none,undetermined,log_price -0.06; mispricing +0.05; rarity_SIR +0.05,24.47,23.07,-0.8053390387560694
sv10-218,Arven's Mabosstiff ex,Destined Rivals,1.39,0.00047139208796741455,-0.22910109349013505,0.24847376518081862,33.054393305439326,none,none,undetermined,log_price +0.13; premium_asof -0.08; set_age -0.06,1.47,1.53,0.5334287889532923
sv8-217,Milotic ex,Surging Sparks,2.24,0.00011314636730311273,-0.22945933921079936,0.2481155194601543,32.84518828451883,none,none,undetermined,log_price +0.11; mispricing -0.09; premium_asof +0.05,2.41,2.22,0.1441273399836109
sv8pt5-177,Teal Mask Ogerpon ex,Prismatic Evolutions,8.13,8.12439222190466e-05,-0.14064458222214743,0.18121074434935455,32.63598326359833,none,none,undetermined,vol_6m -0.06; set_age -0.04; mom_3m +0.04,8.57,7.94,0.0928527133648164
sv4-219,Garchomp ex,Paradox Rift,7.71,-0.001127420282147558,-0.23069990586025002,0.24687495281070365,32.42677824267782,none,none,undetermined,premium_asof +0.07; mispricing -0.04; log_price +0.03,4.65,4.83,-1.1504160719325687
sv6pt5-92,Fezandipiti ex,Shrouded Fable,36.09,-0.0011644562141997982,-0.18419559990674778,0.2353007045486482,32.21757322175732,none,none,undetermined,mispricing +0.08; log_price -0.07; rarity_SIR +0.05,26.45,21.66,-1.2437680865515923
sv5-187,Incineroar ex,Temporal Forces,3.14,-0.0021153395796316664,-0.23168782515773415,0.24588703351321953,32.00836820083682,none,none,undetermined,log_price +0.08; mispricing -0.04; vol_6m -0.03,2.16,2.13,-0.9662008509272308
swsh9-156,Lumineon V,Brilliant Stars,16.59,-0.002334694892830075,-0.1453292702447656,0.1756421394015472,31.799163179916317,none,none,undetermined,mispricing +0.07; set_age +0.07; premium_asof -0.04,15.42,15.13,-0.13663017635601613
sv10-228,Yanmega ex,Destined Rivals,18.46,-0.002474302054758311,-0.1855054457473063,0.2339908587080897,31.589958158995817,none,none,undetermined,premium_asof -0.10; mispricing +0.08; set_age -0.06,25.47,30.31,2.4549730294572414
sv8pt5-148,Hearthflame Mask Ogerpon ex,Prismatic Evolutions,16.93,-0.0026284439051680636,-0.18565958759771603,0.23383671685767995,31.380753138075313,none,none,undetermined,rarity_SIR +0.05; set_age -0.04; premium_asof -0.03,18.46,18.13,0.4274852713080132
sv5-207,Iron Boulder ex,Temporal Forces,20.47,-0.0031154968776188653,-0.18614664057016683,0.23334966388522915,31.171548117154813,none,none,undetermined,premium_asof -0.08; mispricing +0.07; vol_6m -0.06,20.11,19.73,0.04747694366449464
sv8pt5-167,Eevee ex,Prismatic Evolutions,176.43,-0.003166809755105383,-0.18619795344765336,0.23329835100774263,30.962343096234306,none,none,undetermined,log_price -0.16; premium_asof +0.11; artwork +0.05,152.66,161.04,-0.13387942014728615
sv8pt5-161,Umbreon ex,Prismatic Evolutions,1350.57,-0.0032297807725518175,-0.1862609244650998,0.2332353799902962,30.753138075313807,none,none,undetermined,log_price -0.29; premium_asof +0.12; mispricing +0.07,1074.62,989.0,-0.7746906579457005
sv9-189,N's Zoroark ex,Journey Together,13.46,-0.0035455126865956976,-0.1442713388309622,0.1775839877405398,30.543933054393307,none,none,undetermined,set_age -0.05; lifecycle -0.03; mom_3m +0.02,17.42,17.14,1.1465347462826507
sv8-222,Flygon ex,Surging Sparks,2.65,-0.0036977705024660162,-0.2332702560805685,0.24430460259038517,30.334728033472803,none,none,undetermined,log_price +0.09; mispricing -0.05; set_age -0.04,2.45,2.38,-0.18591763571317987
sv8pt5-145,Teal Mask Ogerpon ex,Prismatic Evolutions,19.51,-0.003860651385792214,-0.1868917950783402,0.2326045093770558,30.125523012552303,none,none,undetermined,rarity_SIR +0.05; set_age -0.04; premium_asof -0.03,19.76,18.88,0.061179367234250104
sv8pt5-169,Terapagos ex,Prismatic Evolutions,30.81,-0.004171715523218376,-0.18720285921576635,0.23229344523962964,29.916317991631797,none,none,undetermined,log_price -0.06; rarity_SIR +0.05; set_age -0.04,32.14,34.79,0.6344729608359436
me2-130,Mega Charizard X ex,Phantasmal Flames,234.71,-0.004205412069230827,-0.1859774546466302,0.1996321690369954,29.707112970711297,none,none,undetermined,log_price -0.18; premium_asof +0.11; set_age -0.07,266.74,254.89,0.48109143443430347
swsh10-208,Origin Forme Palkia VSTAR,Astral Radiance,13.45,-0.0043131834719194505,-0.18608522604931882,0.1995243976343068,29.497907949790797,none,none,undetermined,set_age +0.06; mom_3m -0.03; vol_6m +0.03,12.74,20.63,2.071169469992869
sv9-185,N's Zoroark ex,Journey Together,42.02,-0.004313795742849433,-0.1873449394353974,0.23215136501999858,29.288702928870293,none,none,undetermined,log_price -0.07; set_age -0.05; rarity_SIR +0.05,46.53,40.85,0.07696917188902384
sv10-219,Team Rocket's Persian ex,Destined Rivals,4.18,-0.004963361879172646,-0.23453584745727513,0.24303901121367855,29.079497907949794,none,none,undetermined,log_price +0.07; mispricing -0.06; set_age -0.06,3.8,3.42,-0.46971129236688997
sv8-248,Alolan Exeggutor ex,Surging Sparks,10.28,-0.004993497699285561,-0.14571932384365205,0.17613600272784993,28.870292887029287,none,none,undetermined,set_age -0.04; premium_asof -0.03; lifecycle -0.03,12.67,12.5,0.9425627383002791
swsh10-192,Origin Forme Palkia VSTAR,Astral Radiance,16.15,-0.005514282706992544,-0.149536832912903,0.11984669119825438,28.661087866108787,none,none,undetermined,mispricing -0.09; set_age +0.06; artwork +0.05,16.03,15.9,0.12086715721151065
sv6-198,Greninja ex,Twilight Masquerade,14.52,-0.006680694623234982,-0.23625318020133745,0.24132167846961622,28.451882845188287,none,none,undetermined,vol_6m -0.07; premium_asof +0.05; mom_3m +0.04,9.15,8.36,-1.3304302510305037
sv8pt5-156,Sylveon ex,Prismatic Evolutions,503.59,-0.007213647195922649,-0.19024479088847063,0.22925151356692536,28.24267782426778,none,none,undetermined,log_price -0.23; premium_asof +0.11; rarity_SIR +0.05,312.97,288.98,-1.3372391415000837
sv7-159,Galvantula ex,Stellar Crown,2.09,-0.007660586892396024,-0.2372330724704985,0.24034178620045518,28.03347280334728,none,none,undetermined,log_price +0.11; premium_asof -0.04; set_age -0.03,1.69,1.79,-0.33380829889368796
me1-180,Mega Absol ex,Mega Evolution,50.53,-0.0077411663619562756,-0.19077231005450423,0.22872399440089175,27.824267782426777,none,none,undetermined,log_price -0.09; set_age -0.07; rarity_SIR +0.05,64.58,49.92,0.132966575359549
swsh10-166,Starmie V,Astral Radiance,4.33,-0.00805384724360503,-0.15104842259554055,0.16992298705077225,27.615062761506277,none,none,undetermined,log_price +0.06; set_age +0.06; mispricing -0.05,3.68,3.24,-0.7179382668775569
me1-161,Mega Absol ex,Mega Evolution,4.62,-0.009038242363887073,-0.23861072794198954,0.23896413072896414,27.405857740585777,none,none,undetermined,set_age -0.07; log_price +0.06; premium_asof +0.04,5.1,5.87,1.1364517644250305
sv8pt5-179,Pikachu ex,Prismatic Evolutions,60.19,-0.009410002521466182,-0.15013582866583267,0.17171949790566932,27.19665271966527,none,none,undetermined,log_price -0.10; premium_asof +0.08; set_age -0.04,68.04,49.17,-0.47421580261741403
me1-181,Mega Latias ex,Mega Evolution,75.37,-0.009538950844112078,-0.19257009453666005,0.22692620991873594,26.98744769874477,none,none,undetermined,log_price -0.11; premium_asof +0.07; set_age -0.07,99.6,88.6,0.7990554876016079
sv8-247,Pikachu ex,Surging Sparks,79.96,-0.009577698126756714,-0.1503035242711232,0.17155180230037878,26.778242677824267,none,none,undetermined,log_price -0.11; premium_asof +0.08; set_age -0.04,78.81,67.68,-0.36944119356809585
sv8pt5-155,Espeon ex,Prismatic Evolutions,312.32,-0.009641903963737826,-0.1926730476562858,0.2268232567991102,26.569037656903767,none,none,undetermined,log_price -0.20; premium_asof +0.10; rarity_SIR +0.05,210.39,229.86,-0.7615805070014526
me1-160,Mega Lucario ex,Mega Evolution,11.61,-0.00973761525119053,-0.239310100829293,0.23826475784166068,26.359832635983267,none,none,undetermined,set_age -0.07; premium_asof +0.06; lifecycle -0.03,11.99,12.49,0.4449416062129831
swsh11-182,Drapion V,Lost Origin,1.74,-0.010653142622525239,-0.15364771797446075,0.16732369167185204,26.15062761506276,none,none,undetermined,log_price +0.12; premium_asof -0.10; set_age +0.04,1.64,1.45,-0.4159163574504146
sv8pt5-150,Glaceon ex,Prismatic Evolutions,266.21,-0.01074275283611941,-0.1937738965286674,0.2257224079267286,25.94142259414226,none,none,undetermined,log_price -0.19; premium_asof +0.08; rarity_SIR +0.05,170.15,170.69,-1.098130542595118
sv8pt5-149,Vaporeon ex,Prismatic Evolutions,282.41,-0.01130727452332515,-0.1943384182158731,0.22515788623952288,25.732217573221757,none,none,undetermined,log_price -0.19; premium_asof +0.08; rarity_SIR +0.05,179.38,184.94,-1.049567392998044
swsh12-174,Omastar V,Silver Tempest,3.37,-0.01154761505408129,-0.1545421904060168,0.166429219240296,25.523012552301257,none,none,undetermined,log_price +0.08; book_pos -0.07; vol_6m -0.05,2.87,2.95,-0.2666633481124175
sv5-191,Iron Crown ex,Temporal Forces,1.94,-0.011841752099798833,-0.24141423767790132,0.23616062099305235,25.313807531380757,none,none,undetermined,log_price +0.11; mispricing -0.06; vol_6m -0.04,1.89,1.99,0.2673347746846193
sv8-238,Pikachu ex,Surging Sparks,285.31,-0.011995311740978704,-0.19502645543352667,0.2244698490218693,25.10460251046025,none,none,undetermined,log_price -0.19; premium_asof +0.08; book_pos -0.05,248.67,245.29,-0.3221905006713638
sv8pt5-144,Leafeon ex,Prismatic Evolutions,332.05,-0.012019405850706162,-0.19505054954325413,0.22444575491214186,24.89539748953975,none,none,undetermined,log_price -0.20; premium_asof +0.09; rarity_SIR +0.05,222.87,213.76,-1.0889954077580226
swsh7-204,Leafeon VMAX,Evolving Skies,42.94,-0.01202239724282107,-0.1560449474487315,0.11333857666242585,24.686192468619247,none,none,undetermined,premium_asof +0.09; set_age +0.08; log_price -0.08,33.46,22.77,-1.4919152792264447
sv10-232,Cynthia's Garchomp ex,Destined Rivals,210.83,-0.012329618145997262,-0.19536076183854523,0.22413554261685076,24.476987447698743,none,none,undetermined,log_price -0.17; premium_asof +0.07; set_age -0.06,214.33,195.99,-0.07408390306416227
sv7-170,Terapagos ex,Stellar Crown,34.5,-0.013643903942081582,-0.19667504763462956,0.22282125682076642,24.267782426778243,none,none,undetermined,vol_6m -0.08; log_price -0.06; artwork +0.05,34.18,29.26,-0.36343121225364383
sv8-219,Pikachu ex,Surging Sparks,28.16,-0.014054167661468314,-0.24362665323957078,0.2339482054313829,24.05857740585774,none,none,undetermined,premium_asof +0.08; log_price -0.05; set_age -0.04,28.44,35.82,1.1416151175531748
sv10-234,Team Rocket's Crobat ex,Destined Rivals,56.88,-0.014269944471342114,-0.19730108816389008,0.2221952162915059,23.84937238493724,none,none,undetermined,log_price -0.09; set_age -0.06; mispricing +0.05,57.52,53.93,-0.008311908605429394
sv8pt5-153,Jolteon ex,Prismatic Evolutions,192.52,-0.014958975726273624,-0.1979901194188216,0.22150618503657438,23.640167364016737,none,none,undetermined,log_price -0.17; premium_asof +0.08; rarity_SIR +0.05,152.16,151.11,-0.5878578453555892
me1-178,Mega Gardevoir ex,Mega Evolution,173.28,-0.015345582863988606,-0.19837672655653657,0.22111957789885942,23.430962343096233,none,none,undetermined,log_price -0.16; set_age -0.07; rarity_SIR +0.05,161.25,139.44,-0.5175455696748923
sv8pt5-151,Palafin ex,Prismatic Evolutions,41.12,-0.01548401078875293,-0.19851515448130092,0.22098114997409507,23.221757322175733,none,none,undetermined,premium_asof -0.08; log_price -0.07; mispricing +0.05,50.84,46.61,0.6498565433048432
sv8pt5-165,Dragapult ex,Prismatic Evolutions,103.08,-0.01568105912235612,-0.1987122028149041,0.2207841016404919,23.01255230125523,none,none,undetermined,log_price -0.13; premium_asof +0.05; rarity_SIR +0.05,92.83,92.54,-0.18720960271820256
sv8-239,Latias ex,Surging Sparks,185.89,-0.015973537061451798,-0.19900468075399977,0.22049162370139622,22.80334728033473,none,none,undetermined,log_price -0.17; premium_asof +0.07; mispricing +0.05,167.4,173.42,-0.06234683981685308
swsh7-218,Rayquaza VMAX,Evolving Skies,1256.64,-0.016256679931942464,-0.16027923013785292,0.10910429397330446,22.594142259414227,none,none,undetermined,log_price -0.28; premium_asof +0.11; set_age +0.08,1128.54,1149.64,-0.1264860458514762
swsh11-203,Hisuian Zoroark VSTAR,Lost Origin,8.89,-0.016535236905944273,-0.16055778711185473,0.10882573699930265,22.384937238493723,none,none,undetermined,mispricing -0.10; set_age +0.04; vol_6m +0.04,7.44,8.47,0.008089389410942284
sv6pt5-84,Fezandipiti ex,Shrouded Fable,11.57,-0.017206793358240408,-0.24677927893634288,0.2307955797346108,22.17573221757322,none,none,undetermined,mispricing +0.04; set_age -0.03; vol_6m +0.03,6.09,5.91,-1.561046393801221
swsh7-170,Volcarona V,Evolving Skies,6.32,-0.01746896095659534,-0.16046353630853086,0.16050787333778194,21.96652719665272,none,none,undetermined,set_age +0.08; mispricing -0.06; log_price +0.04,5.08,5.03,-0.5488715605192991
me1-164,Mega Kangaskhan ex,Mega Evolution,5.31,-0.017723430120177193,-0.24729591569827966,0.230278942972674,21.75732217573222,none,none,undetermined,set_age -0.07; log_price +0.05; lifecycle -0.03,5.02,5.02,-0.0180769800172683
swsh10-169,Hisuian Typhlosion V,Astral Radiance,6.08,-0.017786766089739805,-0.16078134144167533,0.16019006820463746,21.548117154811717,none,none,undetermined,book_pos -0.09; mispricing -0.07; set_age +0.06,4.09,4.28,-0.8752967885134776
me4-104,Mega Dragalge ex,Chaos Rising,1.62,-0.018088393759200978,-0.24766087933730346,0.2299139793336502,21.338912133891213,none,none,undetermined,mid_skew +0.22; log_price +0.12; lifecycle -0.12,3.15,3.08,3.375630351662678
sv8pt5-146,Flareon ex,Prismatic Evolutions,203.82,-0.018224861576327647,-0.2012560052688756,0.21824029918652038,21.12970711297071,none,none,undetermined,log_price -0.17; premium_asof +0.07; rarity_SIR +0.05,162.88,187.21,-0.11351186019842036
me2-128,Mega Lopunny ex,Phantasmal Flames,13.05,-0.018575619500078407,-0.20160676319262638,0.2178895412627696,20.920502092050206,none,none,undetermined,set_age -0.07; rarity_SIR +0.05; mom_3m +0.03,13.69,13.45,0.28465446163426444
sv8-220,Latias ex,Surging Sparks,7.52,-0.019116160647379844,-0.2486886462254823,0.22888621244547136,20.711297071129707,none,none,undetermined,premium_asof +0.07; set_age -0.04; mispricing -0.04,6.84,6.69,-0.21604528277403962
swsh7-178,Dracozolt V,Evolving Skies,4.86,-0.019250692262033544,-0.16224526761396907,0.15872614203234373,20.502092050209207,none,none,undetermined,vol_6m -0.12; set_age +0.08; log_price +0.06,3.88,3.9,-0.5254986322802728
swsh10-193,Hisuian Typhlosion VSTAR,Astral Radiance,15.58,-0.019492856913897,-0.16351540711980744,0.10586811699134992,20.292887029288703,none,none,undetermined,direct_disc +0.13; mispricing -0.11; set_age +0.06,10.84,12.15,-0.6058214550374598
sv8-226,Tatsugiri ex,Surging Sparks,1.92,-0.01972258615645519,-0.24929507173455767,0.228279786936396,20.0836820083682,none,none,undetermined,log_price +0.11; mispricing -0.07; set_age -0.04,1.79,1.95,0.23130395326343545
me4-103,Cobalion ex,Chaos Rising,1.47,-0.020388499115740866,-0.24996098469384334,0.22761387397711033,19.874476987447697,none,none,undetermined,log_price +0.13; lifecycle -0.12; set_age -0.09,2.51,3.84,5.900048144069696
sv10-241,Cynthia's Garchomp ex,Destined Rivals,29.42,-0.020516948286612657,-0.16124277443097915,0.16061255214052284,19.665271966527197,none,none,undetermined,premium_asof +0.07; set_age -0.06; log_price -0.05,26.29,28.41,0.05393906322047707
sv8pt5-168,Bloodmoon Ursaluna ex,Prismatic Evolutions,59.66,-0.020650586287498152,-0.20368172998004613,0.21581457447534985,19.456066945606697,none,none,undetermined,log_price -0.10; premium_asof -0.06; rarity_SIR +0.05,51.99,53.25,-0.20564182137059261
swsh9-155,Lumineon V,Brilliant Stars,2.69,-0.02085276416139785,-0.16384733951333336,0.1571240701329794,19.246861924686193,none,none,undetermined,log_price +0.09; set_age +0.07; premium_asof -0.04,3.79,2.56,0.004244082176038364
sv8-241,Archaludon ex,Surging Sparks,12.46,-0.021676598836981236,-0.2047077425295292,0.2147885619258668,18.93305439330544,none,none,undetermined,premium_asof -0.12; mispricing +0.07; rarity_SIR +0.05,11.42,11.14,-0.20030487673381697
sv6pt5-91,Munkidori ex,Shrouded Fable,18.34,-0.021676598836981236,-0.2047077425295292,0.2147885619258668,18.93305439330544,none,none,undetermined,mispricing +0.05; rarity_SIR +0.05; set_age -0.03,16.04,16.56,-0.16876470990067344
sv8pt5-164,Gholdengo ex,Prismatic Evolutions,47.6,-0.02168338571675407,-0.20471452940930204,0.21478177504609394,18.619246861924683,none,none,undetermined,log_price -0.08; rarity_SIR +0.05; set_age -0.04,36.98,34.22,-0.822181130638959
sv10-230,Ethan's Ho-Oh ex,Destined Rivals,147.14,-0.021754676330521777,-0.20478582002306975,0.21471048443232624,18.410041841004183,none,none,undetermined,log_price -0.15; set_age -0.06; rarity_SIR +0.05,218.9,209.94,1.6911823254469753
sv7-158,Lapras ex,Stellar Crown,6.55,-0.021934885644674693,-0.25150737122277717,0.2260674874481765,18.200836820083683,none,none,undetermined,premium_asof +0.06; log_price +0.04; set_age -0.03,3.99,4.11,-1.1467883052698313
sv6pt5-95,Pecharunt ex,Shrouded Fable,21.38,-0.02204896631868999,-0.16277479246305648,0.1590805341084455,17.99163179916318,none,none,undetermined,log_price -0.03; set_age -0.03; mid_skew -0.02,,,
sv8-240,Hydreigon ex,Surging Sparks,36.8,-0.022282443827442277,-0.20531358751999024,0.21418271693540575,17.782426778242677,none,none,undetermined,log_price -0.07; rarity_SIR +0.05; set_age -0.04,31.11,28.29,-0.6452172675318923
sv10-229,Team Rocket's Moltres ex,Destined Rivals,86.95,-0.0223547662075207,-0.20538590990006866,0.21411039455532732,17.573221757322173,none,none,undetermined,log_price -0.12; set_age -0.06; rarity_SIR +0.05,147.33,129.36,1.907573188589542
sv6pt5-90,Okidogi ex,Shrouded Fable,22.29,-0.02262066036407751,-0.20565180405662548,0.2138445003987705,17.364016736401673,none,none,undetermined,mispricing +0.06; rarity_SIR +0.05; premium_asof -0.04,17.22,18.36,-0.4501626619127198
sv8pt5-147,Ceruledge ex,Prismatic Evolutions,99.91,-0.02265962687921875,-0.2056907705717667,0.21380553388362927,17.154811715481173,none,none,undetermined,log_price -0.13; rarity_SIR +0.05; set_age -0.04,77.34,66.61,-1.0075421860649119
sv8-237,Milotic ex,Surging Sparks,118.46,-0.022808426074336925,-0.2058395697668849,0.2136567346885111,16.94560669456067,none,none,undetermined,log_price -0.14; premium_asof +0.05; rarity_SIR +0.05,125.07,105.73,-0.20571376185579718
sv7-168,Galvantula ex,Stellar Crown,18.6,-0.02308363173282786,-0.20611477542537582,0.21338152903002017,16.736401673640167,none,none,undetermined,mispricing +0.07; rarity_SIR +0.05; premium_asof -0.04,16.44,15.04,-0.5037235737979527
sv6pt5-93,Pecharunt ex,Shrouded Fable,24.71,-0.02338502804439089,-0.20641617173693885,0.21308013271845713,16.527196652719663,none,none,undetermined,rarity_SIR +0.05; log_price -0.04; mispricing +0.04,19.47,19.54,-0.5670254805808309
sv8pt5-152,Wellspring Mask Ogerpon ex,Prismatic Evolutions,18.16,-0.023932379988096112,-0.20696352368064408,0.2125327807747519,16.317991631799163,none,none,undetermined,rarity_SIR +0.05; set_age -0.04; premium_asof -0.03,18.45,16.15,-0.2171476276654185
sv9-187,Salamence ex,Journey Together,53.76,-0.02460929007498186,-0.20764043376752983,0.21185587068786615,16.10878661087866,none,none,undetermined,log_price -0.09; mispricing +0.06; set_age -0.05,60.79,61.32,0.675112166324361
sv10-209,Ethan's Ho-Oh ex,Destined Rivals,5.54,-0.02494070150125912,-0.2545131870793616,0.22306167159159207,15.899581589958158,none,none,undetermined,mispricing -0.06; set_age -0.06; log_price +0.05,5.21,4.97,-0.18947269639405767
sv8-223,Hydreigon ex,Surging Sparks,5.03,-0.02505393519973729,-0.25462642077783976,0.22294843789311392,15.690376569037657,none,none,undetermined,log_price +0.06; set_age -0.04; lifecycle -0.03,3.37,3.43,-0.9535448620729271
me2-125,Mega Charizard X ex,Phantasmal Flames,669.51,-0.025090307651156062,-0.20812145134370402,0.21137485311169196,15.481171548117153,none,none,undetermined,log_price -0.24; premium_asof +0.11; mispricing +0.08,744.47,675.28,0.20642670351972717
sv10-211,Dondozo ex,Destined Rivals,1.09,-0.025224728255860862,-0.25479721383396337,0.22277764483699034,15.271966527196653,none,none,undetermined,log_price +0.15; premium_asof -0.08; set_age -0.06,1.18,1.11,0.2409740863461854
sv8-224,Archaludon ex,Surging Sparks,1.11,-0.025312681032721517,-0.254885166610824,0.22268969206012967,15.062761506276152,none,none,undetermined,log_price +0.15; premium_asof -0.12; set_age -0.04,1.41,1.18,0.3997311692561509
sv6pt5-80,Kingdra ex,Shrouded Fable,3.83,-0.025363574067040835,-0.2549360596451433,0.22263879902581035,14.853556485355648,none,none,undetermined,log_price +0.07; premium_asof -0.04; set_age -0.03,2.88,3.05,-0.5472434178861975
swsh11-176,Rotom V,Lost Origin,2.45,-0.025427372596253935,-0.16842194794818946,0.15254946169812333,14.644351464435147,none,none,undetermined,log_price +0.10; mispricing -0.07; set_age +0.04,1.99,1.99,-0.49079012400763183
swsh11-187,Hisuian Goodra V,Lost Origin,2.84,-0.025677891817456087,-0.1686724671693916,0.1522989424769212,14.435146443514643,none,none,undetermined,log_price +0.09; mispricing -0.05; set_age +0.04,1.85,1.7,-1.2493590110859554
swsh9-183,Galarian Moltres V,Brilliant Stars,22.57,-0.026070413748737253,-0.20784245632613663,0.177767167357489,14.225941422594143,none,none,undetermined,set_age +0.07; book_pos -0.04; premium_asof +0.04,14.73,14.08,-1.159726075633162
swsh11-172,Hisuian Electrode V,Lost Origin,2.44,-0.02705742267583719,-0.1700519980277727,0.15091941161854008,14.01673640167364,none,none,undetermined,log_price +0.10; mispricing -0.06; set_age +0.04,2.46,2.04,-0.40621563148186934
me1-188,Mega Lucario ex,Mega Evolution,234.58,-0.02848835517647005,-0.21026039775386943,0.1753492259297562,13.807531380753138,none,none,undetermined,log_price -0.18; set_age -0.07; mispricing +0.07,193.88,157.26,-0.9944423788980669
swsh10-180,Wyrdeer V,Astral Radiance,2.25,-0.02858729498416367,-0.1715818703360992,0.1493895393102136,13.598326359832635,none,none,undetermined,log_price +0.10; premium_asof -0.06; mispricing -0.06,2.2,2.39,0.3967457926878137
sv5-195,Scizor ex,Temporal Forces,4.15,-0.02859764330380451,-0.258170128881907,0.21940472978904668,13.389121338912133,none,none,undetermined,log_price +0.07; mom_3m -0.04; premium_asof +0.03,4.05,10.01,5.189256608147972
me2pt5-287,Marnie's Grimmsnarl ex,Ascended Heroes,53.04,-0.028686033292576987,-0.21171717698512496,0.20777912747027102,13.179916317991633,none,none,undetermined,log_price -0.09; set_age -0.08; rarity_SIR +0.05,43.57,37.04,-0.8952024517967534
me2pt5-294,Mega Charizard Y ex,Ascended Heroes,322.66,-0.02952496202996387,-0.21129700460736325,0.17431261907626236,12.97071129707113,none,none,undetermined,log_price -0.20; premium_asof +0.11; mispricing +0.11,413.95,485.46,1.9672362719185819
me1-179,Mega Lucario ex,Mega Evolution,174.94,-0.029679451227877126,-0.2127105949204251,0.20678570953497089,12.761506276150628,none,none,undetermined,log_price -0.16; set_age -0.07; premium_asof +0.06,173.7,173.81,0.1528941993753563
sv6-191,Magcargo ex,Twilight Masquerade,1.96,-0.030084849364464504,-0.259657334942567,0.2179175237283867,12.552301255230125,none,none,undetermined,log_price +0.11; premium_asof -0.05; mid_skew -0.03,1.6,1.45,-0.7480177413735559
sv8-227,Slaking ex,Surging Sparks,1.12,-0.03009713267636214,-0.2596696182544646,0.21790524041648907,12.343096234309623,none,none,undetermined,log_price +0.15; premium_asof -0.09; set_age -0.04,1.39,1.31,0.7781390729277896
sv6-195,Luxray ex,Twilight Masquerade,3.18,-0.030274348846442808,-0.25984683442454526,0.21772802424640839,12.133891213389122,none,none,undetermined,log_price +0.08; mispricing -0.03; mom_3m -0.03,2.46,2.29,-0.8178558711659697
swsh12-182,Magearna V,Silver Tempest,2.01,-0.030811922028229452,-0.17380649738016496,0.1471649122661478,11.92468619246862,none,none,undetermined,log_price +0.11; premium_asof -0.08; set_age +0.04,2.23,2.36,0.794068223432109
me1-155,Mega Venusaur ex,Mega Evolution,11.73,-0.031014009622148505,-0.26058649520025096,0.2169883634707027,11.715481171548117,none,none,undetermined,set_age -0.07; premium_asof +0.06; lifecycle -0.03,11.88,11.01,-0.0421034721100953
me2pt5-281,Team Rocket's Mewtwo ex,Ascended Heroes,255.23,-0.031124908238468023,-0.214156051931016,0.20534025252437998,11.506276150627615,none,none,undetermined,log_price -0.19; vol_6m -0.09; set_age -0.08,273.05,308.4,0.9154677084260443
me1-177,Mega Venusaur ex,Mega Evolution,148.55,-0.03120100884055098,-0.21423215253309896,0.20526415192229702,11.297071129707113,none,none,undetermined,log_price -0.15; set_age -0.07; premium_asof +0.06,136.84,125.44,-0.3765198514284462
sv7-173,Terapagos ex,Stellar Crown,12.98,-0.031389450430824285,-0.17211527657519077,0.14974004999631121,11.08786610878661,none,none,undetermined,mispricing +0.06; mid_skew -0.04; premium_asof -0.03,13.04,11.8,-0.1469416828680353
me1-187,Mega Gardevoir ex,Mega Evolution,192.13,-0.03200449401506439,-0.21377653659246376,0.17183308709116185,10.87866108786611,none,none,undetermined,log_price -0.17; mispricing +0.09; set_age -0.07,168.28,138.76,-0.8104228132249696
me4-102,Gourgeist ex,Chaos Rising,0.88,-0.03203971898197021,-0.26161220456007267,0.215962654110881,10.669456066945607,none,none,undetermined,log_price +0.16; mid_skew +0.16; lifecycle -0.12,1.35,1.35,2.0720993824365928
sv8-236,Durant ex,Surging Sparks,39.78,-0.03210318727671482,-0.2151343309692628,0.2043619734861332,10.460251046025103,none,none,undetermined,mispricing +0.09; log_price -0.07; premium_asof -0.06,24.47,23.97,-1.2352545969475077
swsh12-175,Regieleki V,Silver Tempest,2.94,-0.0330299109264988,-0.1760244862784343,0.14494692336787848,10.251046025104603,none,none,undetermined,premium_asof -0.09; log_price +0.09; mom_3m -0.04,2.78,3.08,0.3448977220826011
me2pt5-283,Mega Hawlucha ex,Ascended Heroes,48.25,-0.033302160407067335,-0.21633330409961532,0.20316300035578067,10.0418410041841,none,candidate_down,undetermined,log_price -0.08; set_age -0.08; rarity_SIR +0.05,46.95,46.26,0.029394211564914355
me2pt5-278,Mega Eelektross ex,Ascended Heroes,28.59,-0.03330708868593806,-0.21633823237848604,0.20315807207690995,9.832635983263598,none,candidate_down,undetermined,premium_asof -0.08; set_age -0.08; log_price -0.05,27.05,25.04,-0.2650308789281269
swsh11-202,Hisuian Goodra VSTAR,Lost Origin,10.66,-0.03379921413685043,-0.17782176434276087,0.09156175976839649,9.623430962343097,none,candidate_down,undetermined,mispricing -0.04; set_age +0.04; premium_asof -0.04,6.69,6.56,-1.1897358058643361
me1-162,Mega Mawile ex,Mega Evolution,2.45,-0.033808247670419254,-0.26338073324852174,0.21419412542243194,9.414225941422593,none,candidate_down,undetermined,log_price +0.10; set_age -0.07; mispricing -0.03,2.81,2.68,0.5091369519500456
sv7-162,Orthworm ex,Stellar Crown,1.18,-0.03388651176683725,-0.2634589973449397,0.21411586132601396,9.205020920502092,none,candidate_down,undetermined,log_price +0.14; premium_asof -0.11; mispricing +0.06,1.01,0.92,-0.6064780760528455
sv6-189,Sinistcha ex,Twilight Masquerade,1.84,-0.03484246567986248,-0.26441495125796494,0.2131599074129887,8.99581589958159,none,candidate_down,undetermined,log_price +0.12; premium_asof -0.05; mid_skew -0.04,1.39,1.24,-0.9819326291802905
me2pt5-295,Mega Dragonite ex,Ascended Heroes,203.76,-0.035742293791189705,-0.21751433636858908,0.16809528731503653,8.786610878661087,none,candidate_down,undetermined,log_price -0.17; mispricing +0.11; premium_asof +0.10,212.74,261.57,1.1831523395500232
sv4-226,Hoopa ex,Paradox Rift,4.37,-0.03582648925101475,-0.26539897482911723,0.21217588384183644,8.577405857740587,none,candidate_down,undetermined,log_price +0.06; mom_3m -0.04; premium_asof -0.04,2.7,2.72,-1.1647369274662551
sv9-174,Mamoswine ex,Journey Together,0.87,-0.036655195826404405,-0.26622768140450687,0.2113471772664468,8.368200836820083,none,candidate_down,undetermined,log_price +0.16; premium_asof -0.07; set_age -0.05,1.07,1.0,0.7063572847726156
me4-98,Beedrill ex,Chaos Rising,1.91,-0.03667590670990829,-0.2662483922880108,0.2113264663829429,8.158995815899582,none,candidate_down,undetermined,mid_skew +0.14; lifecycle -0.12; log_price +0.11,2.58,2.36,1.0123250821383234
me2pt5-274,Mega Feraligatr ex,Ascended Heroes,102.37,-0.036720365324178016,-0.219751509016726,0.19974479543867,7.949790794979079,none,candidate_down,undetermined,log_price -0.13; set_age -0.08; mom_3m +0.05,98.71,109.59,0.4262368588023455
me2pt5-285,Mega Scrafty ex,Ascended Heroes,49.25,-0.037029234230298795,-0.22006037792284677,0.1994359265325492,7.740585774058577,none,candidate_down,undetermined,log_price -0.08; set_age -0.08; rarity_SIR +0.05,36.15,37.35,-0.6820510963823803
swsh10-173,Hisuian Decidueye V,Astral Radiance,2.61,-0.03709726854456423,-0.18009184389649974,0.14087956574981303,7.531380753138076,none,candidate_down,undetermined,log_price +0.10; mispricing -0.07; set_age +0.06,2.36,2.41,-0.09623841087779315
me1-158,Mega Manectric ex,Mega Evolution,2.37,-0.03873443238364474,-0.2683069179617472,0.20926794070920646,7.322175732217573,none,candidate_down,undetermined,log_price +0.10; premium_asof -0.07; set_age -0.07,2.96,2.5,0.3705792099993272
sv10-214,Regirock ex,Destined Rivals,1.27,-0.038820290203101765,-0.26839277578120424,0.20918208288974943,7.112970711297072,none,candidate_down,undetermined,log_price +0.14; premium_asof -0.06; set_age -0.06,1.33,1.31,0.2876536181107378
me2pt5-277,Pikachu ex,Ascended Heroes,303.66,-0.04160297465225777,-0.22463411834480573,0.19486218611059025,6.903765690376569,none,candidate_down,undetermined,log_price -0.20; set_age -0.08; premium_asof +0.08,317.38,392.38,1.2131634904262567
sv5-185,Torterra ex,Temporal Forces,5.37,-0.042197513919562085,-0.27176999949766456,0.2058048591732891,6.694560669456067,none,candidate_down,undetermined,mid_skew -0.06; log_price +0.05; mom_3m -0.04,2.74,2.75,-1.5564290837522343
me2pt5-273,Mega Emboar ex,Ascended Heroes,44.27,-0.04246497169466995,-0.22549611538721792,0.19400018906817806,6.485355648535565,none,candidate_down,undetermined,set_age -0.08; log_price -0.08; rarity_SIR +0.05,50.68,42.94,0.06916157499385853
swsh7-195,Noivern V,Evolving Skies,5.19,-0.04300707010203151,-0.18600164545396702,0.13496976419234577,6.2761506276150625,none,candidate_down,undetermined,set_age +0.08; mispricing -0.06; log_price +0.05,4.57,4.53,-0.27567638261035327
sv7-167,Hydrapple ex,Stellar Crown,37.46,-0.043280907896956274,-0.22631205158950424,0.19318425286589175,6.066945606694561,none,candidate_down,undetermined,mispricing +0.09; log_price -0.07; vol_6m -0.06,24.99,24.49,-1.0534710639511782
me2pt5-288,Fezandipiti ex,Ascended Heroes,49.26,-0.043831260762349125,-0.22686240445489708,0.1926339000004989,5.857740585774058,none,candidate_down,undetermined,log_price -0.08; set_age -0.08; rarity_SIR +0.05,49.85,44.27,-0.18383151034425405
me2pt5-289,Steven's Metagross ex,Ascended Heroes,69.14,-0.04501115401761639,-0.22804229771016438,0.1914540067452316,5.648535564853557,none,candidate_down,undetermined,log_price -0.11; set_age -0.08; rarity_SIR +0.05,84.01,69.47,0.192774031381772
sv6pt5-85,Pecharunt ex,Shrouded Fable,7.94,-0.04788793628172828,-0.2774604218598308,0.20011443681112293,5.439330543933055,none,candidate_down,undetermined,mom_3m -0.04; set_age -0.03; log_price +0.03,3.1,3.09,-1.9929074218281113
me2pt5-284,Mega Gengar ex,Ascended Heroes,854.8,-0.04815423233975169,-0.23118537603229966,0.18831092842309632,5.230125523012552,none,candidate_down,undetermined,log_price -0.26; premium_asof +0.13; set_age -0.08,875.42,893.56,0.33682003087266793
me1-163,Mega Latias ex,Mega Evolution,4.63,-0.048499107176431654,-0.27807159275453414,0.19950326591641954,5.02092050209205,none,candidate_down,undetermined,premium_asof +0.07; set_age -0.07; log_price +0.06,4.26,3.83,-0.4376434693929219
me2pt5-272,Mega Meganium ex,Ascended Heroes,72.0,-0.048940897798508666,-0.23197204149105663,0.18752426296433936,4.811715481171548,none,candidate_down,undetermined,log_price -0.11; set_age -0.08; rarity_SIR +0.05,72.95,80.55,0.5974457290386987
sv8-221,Palossand ex,Surging Sparks,1.83,-0.04981959254366904,-0.2793920781217715,0.19818278054918215,4.602510460251046,none,candidate_down,undetermined,log_price +0.12; premium_asof -0.08; set_age -0.04,1.72,1.55,-0.36741272760769045
me2pt5-290,Mega Dragonite ex,Ascended Heroes,533.23,-0.04999092982782236,-0.23302207352037033,0.18647423093502566,4.393305439330543,none,candidate_down,undetermined,log_price -0.23; premium_asof +0.10; set_age -0.08,382.82,366.01,-0.937591939288922
me2pt5-282,Mega Diancie ex,Ascended Heroes,45.29,-0.050395545349861966,-0.23342668904240993,0.18606961541298606,4.184100418410042,none,candidate_down,undetermined,set_age -0.08; log_price -0.08; rarity_SIR +0.05,33.21,30.39,-0.9922431485924595
me2pt5-275,Mega Froslass ex,Ascended Heroes,70.18,-0.051419312816443456,-0.23445045650899143,0.18504584794640455,3.9748953974895396,none,candidate_down,undetermined,log_price -0.11; set_age -0.08; rarity_SIR +0.05,54.85,53.62,-0.6619565143254561
me2pt5-280,Lillie's Clefairy ex,Ascended Heroes,139.15,-0.055671384466797334,-0.2387025281593453,0.18079377629605067,3.765690376569038,none,candidate_down,undetermined,log_price -0.15; set_age -0.08; premium_asof +0.06,142.6,154.46,0.5664684579689595
me2pt5-279,Iono's Bellibolt ex,Ascended Heroes,54.3,-0.056297957460713435,-0.2393291011532614,0.1801672033021346,3.556485355648536,none,candidate_down,undetermined,log_price -0.09; set_age -0.08; rarity_SIR +0.05,41.77,41.79,-0.6421522936847864
me2pt5-286,N's Zoroark ex,Ascended Heroes,141.26,-0.057690785888336045,-0.240721929580884,0.17877437487451198,3.3472803347280333,none,candidate_down,undetermined,log_price -0.15; set_age -0.08; rarity_SIR +0.05,146.05,124.48,-0.24592497242976777
sv7-160,Dachsbun ex,Stellar Crown,5.05,-0.06071094652755915,-0.29028343210566165,0.18729142656529205,3.1380753138075312,none,candidate_down,undetermined,mispricing +0.08; log_price +0.06; artwork -0.05,1.87,2.04,-1.9403902457468212
sv7-169,Dachsbun ex,Stellar Crown,75.63,-0.0681232874682778,-0.25115443116082575,0.16834187329457023,2.928870292887029,none,candidate_down,undetermined,mispricing +0.15; log_price -0.11; vol_6m -0.10,31.8,31.83,-1.8803719656942932
me1-159,Mega Gardevoir ex,Mega Evolution,5.7,-0.07456968455561136,-0.3041421701337138,0.17343268853723984,2.7196652719665275,none,candidate_down,undetermined,set_age -0.07; mispricing -0.06; log_price +0.05,5.08,4.75,-0.4159163574504146
me2pt5-276,Pikachu ex,Ascended Heroes,930.92,-0.07903646135987336,-0.2620676050524213,0.15742869940297466,2.510460251046025,none,candidate_down,undetermined,log_price -0.27; mispricing +0.10; set_age -0.08,1004.93,984.33,0.3795300420399553
sv6-201,Blissey ex,Twilight Masquerade,5.33,-0.1441078794620278,-0.37368036504013025,0.1038944936308234,2.301255230125523,none,candidate_down,undetermined,mom_3m -0.06; log_price +0.05; mid_skew -0.04,2.88,2.86,-1.4695098388633436
swsh9-152,Shaymin V,Brilliant Stars,2.86,-0.15229304483938086,-0.2952876201913164,0.025683789454996414,2.092050209205021,none,candidate_down,undetermined,log_price +0.09; set_age +0.07; mom_3m -0.05,2.25,2.51,-0.2586696246176389
me4-101,Mega Floette ex,Chaos Rising,2.4,-0.15594558261146352,-0.385518068189566,0.09205679048138768,1.882845188284519,none,candidate_down,undetermined,mid_skew +0.12; lifecycle -0.12; log_price +0.10,4.03,3.85,2.3209009564252936
me4-99,Mega Pyroar ex,Chaos Rising,2.41,-0.16656723877850713,-0.3961397243566096,0.08143513431434407,1.6736401673640167,none,candidate_down,undetermined,lifecycle -0.12; log_price +0.10; set_age -0.09,3.24,3.17,1.2954768624857689
me4-100,Mega Greninja ex,Chaos Rising,7.58,-0.17837642533393044,-0.4079489109120329,0.06962594775892075,1.4644351464435146,none,candidate_down,undetermined,lifecycle -0.12; set_age -0.09; mom_3m +0.09,8.78,7.79,0.274191752216882
me4-118,Mega Dragalge ex,Chaos Rising,25.18,-0.1814387687899756,-0.3644699124825236,0.0550263919728724,1.2552301255230125,none,candidate_down,undetermined,lifecycle -0.12; set_age -0.09; mom_3m +0.08,33.49,31.15,1.017618246558929
me4-105,Cinccino ex,Chaos Rising,3.57,-0.1894643460874047,-0.4190368316655072,0.0585380270054465,1.0460251046025104,none,candidate_down,undetermined,lifecycle -0.12; mid_skew +0.09; set_age -0.09,3.09,2.83,-0.560122947688698
me4-117,Mega Floette ex,Chaos Rising,23.46,-0.19758713234240516,-0.38061827603495313,0.038878028420442856,0.8368200836820083,none,candidate_down,undetermined,lifecycle -0.12; set_age -0.09; mom_3m +0.06,26.4,23.78,0.22425712635102338
me4-119,Cinccino ex,Chaos Rising,46.88,-0.19946904825774275,-0.3825001919502907,0.03699611250510526,0.6276150627615062,none,candidate_down,undetermined,lifecycle -0.12; set_age -0.09; log_price -0.08,39.92,36.43,-0.615604808264517
me4-116,Mega Greninja ex,Chaos Rising,151.94,-0.19980988529130253,-0.38284102898385053,0.036655275471545484,0.41841004184100417,none,candidate_down,undetermined,log_price -0.15; lifecycle -0.12; set_age -0.09,157.69,133.42,-0.256939118565355
me4-122,Mega Greninja ex,Chaos Rising,147.34,-0.2157437250277034,-0.39751576760510277,-0.011906143921477153,0.20920502092050208,candidate_down,candidate_down,undetermined,log_price -0.15; mispricing +0.12; lifecycle -0.12,137.11,114.26,-0.6213039147187345
